sku_id,sku_name,category,brand,country,year,total_units,total_revenue,avg_daily_demand,std_daily_demand,cv_demand,abc,xyz,abc_xyz,lead_time_days,safety_stock,reorder_point,current_stock,days_of_supply,stockout_days,stockout_rate,status,latest_date
SKU0027,BrandC Chips,Snacks,BrandC,Austria,2023,47329,628585.42,129.6,58.97,0.455,A,X,AX,6.385714285714286,347,1175,314,2.4,9,0.025,REORDER NOW,2023-12-31
SKU0018,BrandF Water,Beverages,BrandF,Austria,2023,38472,558613.44,105.36,37.21,0.353,A,X,AX,6.524615975422427,221,908,336,3.2,7,0.019,REORDER NOW,2023-12-31
SKU0092,BrandB Soap,Personal Care,BrandB,Austria,2023,37196,518884.2,101.91,36.83,0.361,A,X,AX,6.490988223246288,219,880,325,3.2,15,0.041,REORDER NOW,2023-12-31
SKU0057,BrandC Milk,Dairy,BrandC,Austria,2023,33856,474661.12,92.79,30.94,0.333,A,X,AX,6.612538402457758,185,799,375,4.0,7,0.019,REORDER NOW,2023-12-31
SKU0099,BrandC Toothpaste,Personal Care,BrandC,Austria,2023,44994,472312.39,123.31,58.51,0.474,A,X,AX,6.394623655913978,345,1134,327,2.7,12,0.033,REORDER NOW,2023-12-31
SKU0061,BrandA Cheese,Dairy,BrandA,Austria,2023,37933,466575.9,103.96,32.78,0.315,A,X,AX,6.364701740911419,193,855,332,3.2,10,0.027,REORDER NOW,2023-12-31
SKU0100,BrandD Toothpaste,Personal Care,BrandD,Austria,2023,34065,457152.3,93.28,32.51,0.349,A,X,AX,6.3931579621095755,192,788,364,3.9,12,0.033,REORDER NOW,2023-12-31
SKU0064,BrandD Cheese,Dairy,BrandD,Austria,2023,36613,455831.85,100.37,32.55,0.324,A,X,AX,6.620852534562212,195,860,243,2.4,12,0.033,REORDER NOW,2023-12-31
SKU0041,BrandE Biscuits,Snacks,BrandE,Austria,2023,32868,409061.3,90.06,38.03,0.422,A,X,AX,6.554857910906297,227,817,313,3.5,10,0.027,REORDER NOW,2023-12-31
SKU0028,BrandD Chips,Snacks,BrandD,Austria,2023,40731,381649.47,111.52,38.07,0.341,A,X,AX,6.513044034818228,226,952,277,2.5,7,0.019,REORDER NOW,2023-12-31
SKU0097,BrandA Toothpaste,Personal Care,BrandA,Austria,2023,27865,379242.65,76.43,27.03,0.354,A,X,AX,6.484811827956989,160,656,266,3.5,12,0.033,REORDER NOW,2023-12-31
SKU0038,BrandB Biscuits,Snacks,BrandB,Austria,2023,32482,354053.8,88.98,33.87,0.381,A,X,AX,6.2880888376856126,198,758,350,3.9,19,0.052,REORDER NOW,2023-12-31
SKU0005,BrandE Soda,Beverages,BrandE,Austria,2023,40254,353426.13,110.04,54.2,0.493,A,X,AX,6.351689708141321,318,1017,418,3.8,9,0.025,REORDER NOW,2023-12-31
SKU0045,BrandC Nuts,Snacks,BrandC,Austria,2023,26677,333656.07,73.1,34.49,0.472,A,X,AX,6.351760112647209,203,667,234,3.2,15,0.041,REORDER NOW,2023-12-31
SKU0002,BrandB Soda,Beverages,BrandB,Austria,2023,29325,329906.25,80.27,27.14,0.338,A,X,AX,6.4939196108550945,161,682,319,4.0,12,0.033,REORDER NOW,2023-12-31
SKU0044,BrandB Nuts,Snacks,BrandB,Austria,2023,29302,328475.42,80.3,28.29,0.352,A,X,AX,6.429441884280593,167,683,190,2.4,11,0.03,REORDER NOW,2023-12-31
SKU0060,BrandF Milk,Dairy,BrandF,Austria,2023,23412,316062.0,64.12,21.33,0.333,A,X,AX,6.575902457757297,127,549,297,4.6,8,0.022,REORDER NOW,2023-12-31
SKU0001,BrandA Soda,Beverages,BrandA,Austria,2023,53287,310313.33,145.88,71.09,0.487,A,X,AX,6.494022017409114,422,1369,297,2.0,12,0.033,REORDER NOW,2023-12-31
SKU0013,BrandA Water,Beverages,BrandA,Austria,2023,45362,309850.76,124.09,59.77,0.482,A,X,AX,6.627054531490015,359,1181,348,2.8,11,0.03,REORDER NOW,2023-12-31
SKU0047,BrandE Nuts,Snacks,BrandE,Austria,2023,26399,307548.35,72.33,26.07,0.36,A,X,AX,6.48707757296467,155,624,285,3.9,15,0.041,REORDER NOW,2023-12-31
SKU0094,BrandD Soap,Personal Care,BrandD,Austria,2023,24530,305153.2,67.17,24.93,0.371,A,X,AX,6.410490271377369,147,578,257,3.8,15,0.041,REORDER NOW,2023-12-31
SKU0048,BrandF Nuts,Snacks,BrandF,Austria,2023,26747,298298.78,73.19,31.26,0.427,A,X,AX,6.732405273937531,189,682,284,3.9,8,0.022,REORDER NOW,2023-12-31
SKU0020,BrandB Energy drink,Beverages,BrandB,Austria,2023,22691,240070.78,62.12,20.17,0.325,A,X,AX,6.50507552483359,120,524,231,3.7,11,0.03,REORDER NOW,2023-12-31
SKU0074,BrandB Softener,Home Care,BrandB,Austria,2023,26477,236126.18,72.48,33.63,0.464,A,X,AX,6.605702764976958,201,680,363,5.0,13,0.036,REORDER NOW,2023-12-31
SKU0082,BrandD Cleaner,Home Care,BrandD,Austria,2023,23869,235587.03,65.36,22.52,0.345,A,X,AX,6.682398873527906,136,573,142,2.2,10,0.027,REORDER NOW,2023-12-31
SKU0089,BrandE Shampoo,Personal Care,BrandE,Austria,2023,17591,187695.97,48.23,16.86,0.349,A,X,AX,6.629269073220686,101,421,269,5.6,9,0.025,REORDER NOW,2023-12-31
SKU0078,BrandF Softener,Home Care,BrandF,Austria,2023,12185,180338.0,33.36,11.79,0.353,A,X,AX,6.545999743983614,70,288,346,10.4,12,0.033,LOW,2023-12-31
SKU0081,BrandC Cleaner,Home Care,BrandC,Austria,2023,28180,173307.0,77.25,26.09,0.338,A,X,AX,6.541301843317972,156,661,357,4.6,6,0.016,REORDER NOW,2023-12-31
SKU0076,BrandD Softener,Home Care,BrandD,Austria,2023,11937,163775.64,32.7,11.22,0.343,B,X,BX,6.578084997439835,48,263,227,6.9,14,0.038,REORDER NOW,2023-12-31
SKU0049,BrandA Yogurt,Dairy,BrandA,Austria,2023,19462,161923.84,53.34,18.93,0.355,B,X,BX,6.431701228878648,79,422,316,5.9,16,0.044,REORDER NOW,2023-12-31
SKU0007,BrandA Juice,Beverages,BrandA,Austria,2023,12058,152533.7,33.01,11.07,0.335,B,X,BX,6.429352278545827,46,258,316,9.6,12,0.033,LOW,2023-12-31
SKU0080,BrandB Cleaner,Home Care,BrandB,Austria,2023,37339,151521.2,102.33,45.72,0.447,B,X,BX,6.548905529953917,193,863,360,3.5,7,0.019,REORDER NOW,2023-12-31
SKU0009,BrandC Juice,Beverages,BrandC,Austria,2023,26362,138664.12,72.15,25.77,0.357,B,X,BX,6.488165642601126,108,576,120,1.7,12,0.033,REORDER NOW,2023-12-31
SKU0102,BrandF Toothpaste,Personal Care,BrandF,Austria,2023,44430,136952.77,121.67,55.25,0.454,B,X,BX,6.437346390168972,231,1014,280,2.3,6,0.016,REORDER NOW,2023-12-31
SKU0033,BrandC Chocolate,Snacks,BrandC,Austria,2023,27344,134805.92,74.99,24.88,0.332,B,X,BX,6.588037634408603,105,599,325,4.3,8,0.022,REORDER NOW,2023-12-31
SKU0093,BrandC Soap,Personal Care,BrandC,Austria,2023,28419,131011.59,77.8,26.85,0.345,B,X,BX,6.461821556579621,113,616,289,3.7,14,0.038,REORDER NOW,2023-12-31
SKU0010,BrandD Juice,Beverages,BrandD,Austria,2023,19262,127683.9,52.68,23.43,0.445,B,X,BX,6.5288850486431125,99,443,219,4.2,11,0.03,REORDER NOW,2023-12-31
SKU0059,BrandE Milk,Dairy,BrandE,Austria,2023,10089,123590.25,27.63,10.35,0.375,B,X,BX,6.372228622631848,43,219,222,8.0,18,0.049,LOW,2023-12-31
SKU0072,BrandF Detergent,Home Care,BrandF,Austria,2023,14818,117951.28,40.61,13.4,0.33,B,X,BX,6.755542754736303,57,331,246,6.1,13,0.036,REORDER NOW,2023-12-31
SKU0031,BrandA Chocolate,Snacks,BrandA,Austria,2023,18600,112300.08,50.99,23.79,0.467,B,X,BX,6.475595238095238,100,430,220,4.3,10,0.027,REORDER NOW,2023-12-31
SKU0090,BrandF Shampoo,Personal Care,BrandF,Austria,2023,7946,112118.06,21.78,7.98,0.366,B,X,BX,6.612109575012801,34,178,244,11.2,11,0.03,LOW,2023-12-31
SKU0016,BrandD Water,Beverages,BrandD,Austria,2023,12484,110473.84,34.17,16.96,0.496,B,X,BX,6.5088069636456725,71,293,476,13.9,9,0.025,HEALTHY,2023-12-31
SKU0012,BrandF Juice,Beverages,BrandF,Austria,2023,23213,110174.8,63.53,31.15,0.49,B,X,BX,6.451785714285713,131,541,281,4.4,10,0.027,REORDER NOW,2023-12-31
SKU0098,BrandB Toothpaste,Personal Care,BrandB,Austria,2023,19236,103632.49,52.7,24.46,0.464,B,X,BX,6.339656938044034,102,436,268,5.1,14,0.038,REORDER NOW,2023-12-31
SKU0095,BrandE Soap,Personal Care,BrandE,Austria,2023,12205,102766.1,33.46,10.99,0.328,B,X,BX,6.625576036866359,47,269,321,9.6,9,0.025,LOW,2023-12-31
SKU0014,BrandB Water,Beverages,BrandB,Austria,2023,25752,97857.6,70.51,24.04,0.341,B,X,BX,6.631240399385561,102,570,305,4.3,7,0.019,REORDER NOW,2023-12-31
SKU0043,BrandA Nuts,Snacks,BrandA,Austria,2023,19505,97669.78,53.38,24.6,0.461,B,X,BX,6.505139528929852,104,451,168,3.1,11,0.03,REORDER NOW,2023-12-31
SKU0011,BrandE Juice,Beverages,BrandE,Austria,2023,10827,97184.29,29.64,14.6,0.492,B,X,BX,6.304998719918075,60,247,339,11.4,11,0.03,LOW,2023-12-31
SKU0087,BrandC Shampoo,Personal Care,BrandC,Austria,2023,11791,96332.47,32.32,10.49,0.325,B,X,BX,6.599423963133641,44,257,250,7.7,10,0.027,REORDER NOW,2023-12-31
SKU0035,BrandE Chocolate,Snacks,BrandE,Austria,2023,46523,94906.92,127.57,46.85,0.367,B,X,BX,6.485669482846902,197,1024,311,2.4,14,0.038,REORDER NOW,2023-12-31
SKU0046,BrandD Nuts,Snacks,BrandD,Austria,2023,37699,94608.36,103.45,45.54,0.44,B,X,BX,6.614836149513569,193,877,115,1.1,8,0.022,REORDER NOW,2023-12-31
SKU0088,BrandD Shampoo,Personal Care,BrandD,Austria,2023,9229,92566.87,25.28,9.46,0.374,C,X,CX,6.566109831029185,31,197,316,12.5,20,0.055,HEALTHY,2023-12-31
SKU0025,BrandA Chips,Snacks,BrandA,Austria,2023,10643,92061.95,29.15,10.13,0.347,C,X,CX,6.678379416282642,34,229,385,13.2,10,0.027,HEALTHY,2023-12-31
SKU0066,BrandF Cheese,Dairy,BrandF,Austria,2023,13997,89652.56,38.32,17.54,0.458,C,X,CX,6.481758832565284,57,305,201,5.2,7,0.019,REORDER NOW,2023-12-31
SKU0096,BrandF Soap,Personal Care,BrandF,Austria,2023,38102,87634.6,104.45,35.42,0.339,C,X,CX,6.415111367127497,115,785,339,3.2,11,0.03,REORDER NOW,2023-12-31
SKU0083,BrandE Cleaner,Home Care,BrandE,Austria,2023,36060,81495.6,98.72,35.33,0.358,C,X,CX,6.519156426011264,115,759,362,3.7,15,0.041,REORDER NOW,2023-12-31
SKU0004,BrandD Soda,Beverages,BrandD,Austria,2023,40547,73390.07,111.02,42.61,0.384,C,X,CX,6.397606246799795,138,848,312,2.8,17,0.047,REORDER NOW,2023-12-31
SKU0077,BrandE Softener,Home Care,BrandE,Austria,2023,24979,71410.22,68.42,31.73,0.464,C,X,CX,6.53115719406042,104,551,226,3.3,19,0.052,REORDER NOW,2023-12-31
SKU0039,BrandC Biscuits,Snacks,BrandC,Austria,2023,5906,69690.8,16.18,5.38,0.332,C,X,CX,6.479505888376856,18,123,355,21.9,10,0.027,HEALTHY,2023-12-31
SKU0101,BrandE Toothpaste,Personal Care,BrandE,Austria,2023,6941,65163.26,19.02,9.38,0.493,C,X,CX,6.558128520225295,31,156,182,9.6,17,0.047,LOW,2023-12-31
SKU0022,BrandD Energy drink,Beverages,BrandD,Austria,2023,43162,63879.76,118.22,38.64,0.327,C,X,CX,6.578961853558628,127,905,299,2.5,11,0.03,REORDER NOW,2023-12-31
SKU0006,BrandF Soda,Beverages,BrandF,Austria,2023,50586,62168.45,138.43,62.79,0.454,C,X,CX,6.334165386584741,202,1079,152,1.1,8,0.022,REORDER NOW,2023-12-31
SKU0084,BrandF Cleaner,Home Care,BrandF,Austria,2023,9736,53450.64,26.68,9.09,0.341,C,X,CX,6.547983870967742,30,205,372,13.9,9,0.025,HEALTHY,2023-12-31
SKU0040,BrandD Biscuits,Snacks,BrandD,Austria,2023,8702,49514.52,23.81,11.65,0.489,C,X,CX,6.365873015873016,38,190,291,12.2,15,0.041,HEALTHY,2023-12-31
SKU0056,BrandB Milk,Dairy,BrandB,Austria,2023,10333,49231.24,28.29,13.33,0.471,C,X,CX,6.49029057859703,43,227,360,12.7,15,0.041,HEALTHY,2023-12-31
SKU0015,BrandC Water,Beverages,BrandC,Austria,2023,5079,47183.91,13.92,4.67,0.335,C,X,CX,6.68294930875576,15,108,362,26.0,8,0.022,HEALTHY,2023-12-31
SKU0091,BrandA Soap,Personal Care,BrandA,Austria,2023,8454,45698.62,23.16,11.09,0.479,C,X,CX,6.327675371223759,36,183,301,13.0,15,0.041,HEALTHY,2023-12-31
SKU0085,BrandA Shampoo,Personal Care,BrandA,Austria,2023,29588,43881.97,81.04,38.26,0.472,C,X,CX,6.491442652329749,125,651,266,3.3,17,0.047,REORDER NOW,2023-12-31
SKU0067,BrandA Detergent,Home Care,BrandA,Austria,2023,16111,43177.48,44.15,15.54,0.352,C,X,CX,6.4468766001024065,51,336,298,6.7,13,0.036,REORDER NOW,2023-12-31
SKU0051,BrandC Yogurt,Dairy,BrandC,Austria,2023,28438,40950.72,77.84,27.14,0.349,C,X,CX,6.398463901689708,88,586,343,4.4,11,0.03,REORDER NOW,2023-12-31
SKU0008,BrandB Juice,Beverages,BrandB,Austria,2023,11146,39568.3,30.51,10.66,0.35,C,X,CX,6.610381464413723,35,237,374,12.3,11,0.03,HEALTHY,2023-12-31
SKU0062,BrandB Cheese,Dairy,BrandB,Austria,2023,7111,38754.95,19.49,6.59,0.338,C,X,CX,6.455792370711726,21,147,276,14.2,8,0.022,HEALTHY,2023-12-31
SKU0086,BrandB Shampoo,Personal Care,BrandB,Austria,2023,3665,36524.62,10.04,4.26,0.425,C,X,CX,6.339324116743472,14,78,241,24.0,9,0.025,HEALTHY,2023-12-31
SKU0042,BrandF Biscuits,Snacks,BrandF,Austria,2023,5603,31544.89,15.34,5.16,0.336,C,X,CX,6.60033922171019,17,118,345,22.5,10,0.027,HEALTHY,2023-12-31
SKU0003,BrandC Soda,Beverages,BrandC,Austria,2023,9680,30782.4,26.49,9.32,0.352,C,X,CX,6.4060547875064,30,200,251,9.5,6,0.016,LOW,2023-12-31
SKU0029,BrandE Chips,Snacks,BrandE,Austria,2023,12753,26778.85,34.93,16.99,0.486,C,X,CX,6.571178955453149,56,286,286,8.2,16,0.044,REORDER NOW,2023-12-31
SKU0065,BrandE Cheese,Dairy,BrandE,Austria,2023,25596,26616.77,70.01,34.05,0.486,C,X,CX,6.482014848950333,111,565,206,2.9,14,0.038,REORDER NOW,2023-12-31
SKU0030,BrandF Chips,Snacks,BrandF,Austria,2023,15773,25709.99,43.22,15.2,0.352,C,X,CX,6.497612647209421,50,331,275,6.4,12,0.033,REORDER NOW,2023-12-31
SKU0055,BrandA Milk,Dairy,BrandA,Austria,2023,5895,24759.0,16.15,5.5,0.34,C,X,CX,6.568413978494623,18,124,320,19.8,9,0.025,HEALTHY,2023-12-31
SKU0075,BrandC Softener,Home Care,BrandC,Austria,2023,13707,23576.04,37.54,13.39,0.357,C,X,CX,6.497171018945212,44,288,211,5.6,12,0.033,REORDER NOW,2023-12-31
SKU0018,BrandF Water,Beverages,BrandF,France,2023,38642,561081.84,105.8,36.74,0.347,A,X,AX,6.546979006656426,219,912,265,2.5,13,0.036,REORDER NOW,2023-12-31
SKU0026,BrandB Chips,Snacks,BrandB,France,2023,36524,532154.68,100.09,32.63,0.326,A,X,AX,6.713997695852535,197,869,336,3.4,7,0.019,REORDER NOW,2023-12-31
SKU0092,BrandB Soap,Personal Care,BrandB,France,2023,37388,521562.6,102.45,34.32,0.335,A,X,AX,6.509325396825397,204,871,269,2.6,12,0.033,REORDER NOW,2023-12-31
SKU0057,BrandC Milk,Dairy,BrandC,France,2023,34194,479399.88,93.68,34.31,0.366,A,X,AX,6.364029697900666,202,798,272,2.9,12,0.033,REORDER NOW,2023-12-31
SKU0099,BrandC Toothpaste,Personal Care,BrandC,France,2023,44019,461861.09,120.51,54.97,0.456,A,X,AX,6.5710573476702505,328,1120,169,1.4,19,0.052,REORDER NOW,2023-12-31
SKU0064,BrandD Cheese,Dairy,BrandD,France,2023,36354,452607.3,99.65,32.8,0.329,A,X,AX,6.372011008704558,193,828,428,4.3,9,0.025,REORDER NOW,2023-12-31
SKU0100,BrandD Toothpaste,Personal Care,BrandD,France,2023,33428,448603.76,91.64,31.4,0.343,A,X,AX,6.638056835637481,188,796,194,2.1,17,0.047,REORDER NOW,2023-12-31
SKU0041,BrandE Biscuits,Snacks,BrandE,France,2023,33383,413769.44,91.46,41.97,0.459,A,X,AX,6.401382488479263,247,832,538,5.9,8,0.022,REORDER NOW,2023-12-31
SKU0028,BrandD Chips,Snacks,BrandD,France,2023,41855,392181.35,114.73,39.01,0.34,A,X,AX,6.53697516641065,232,982,190,1.7,10,0.027,REORDER NOW,2023-12-31
SKU0097,BrandA Toothpaste,Personal Care,BrandA,France,2023,28126,382794.86,77.14,26.3,0.341,A,X,AX,6.617562724014337,158,668,294,3.8,14,0.038,REORDER NOW,2023-12-31
SKU0058,BrandD Milk,Dairy,BrandD,France,2023,37602,371131.74,103.07,36.0,0.349,A,X,AX,6.552937788018433,215,890,317,3.1,12,0.033,REORDER NOW,2023-12-31
SKU0038,BrandB Biscuits,Snacks,BrandB,France,2023,33412,364190.8,91.57,34.02,0.371,A,X,AX,6.625089605734767,204,811,249,2.7,16,0.044,REORDER NOW,2023-12-31
SKU0005,BrandE Soda,Beverages,BrandE,France,2023,41306,362899.87,113.0,49.94,0.442,A,X,AX,6.58086917562724,298,1042,225,2.0,9,0.025,REORDER NOW,2023-12-31
SKU0045,BrandC Nuts,Snacks,BrandC,France,2023,27049,338072.64,74.07,34.89,0.471,A,X,AX,6.41297363031234,206,681,381,5.1,9,0.025,REORDER NOW,2023-12-31
SKU0044,BrandB Nuts,Snacks,BrandB,France,2023,29217,327522.57,80.01,29.13,0.364,A,X,AX,6.531387608806964,173,696,312,3.9,14,0.038,REORDER NOW,2023-12-31
SKU0060,BrandF Milk,Dairy,BrandF,France,2023,24115,325552.5,66.06,23.7,0.359,A,X,AX,6.4416282642089095,140,566,343,5.2,11,0.03,REORDER NOW,2023-12-31
SKU0013,BrandA Water,Beverages,BrandA,France,2023,46012,313423.03,125.92,60.7,0.482,A,X,AX,6.485759088581669,360,1177,457,3.6,8,0.022,REORDER NOW,2023-12-31
SKU0001,BrandA Soda,Beverages,BrandA,France,2023,52267,304627.09,143.29,67.81,0.473,A,X,AX,6.688191244239632,409,1367,477,3.3,14,0.038,REORDER NOW,2023-12-31
SKU0048,BrandF Nuts,Snacks,BrandF,France,2023,27254,304126.57,74.62,33.89,0.454,A,X,AX,6.383826164874552,199,675,373,5.0,14,0.038,REORDER NOW,2023-12-31
SKU0047,BrandE Nuts,Snacks,BrandE,France,2023,25829,300907.85,70.72,25.54,0.361,A,X,AX,6.644860471070149,153,623,237,3.4,15,0.041,REORDER NOW,2023-12-31
SKU0094,BrandD Soap,Personal Care,BrandD,France,2023,23943,297850.92,65.54,24.07,0.367,A,X,AX,6.573406298003072,144,575,269,4.1,14,0.038,REORDER NOW,2023-12-31
SKU0069,BrandC Detergent,Home Care,BrandC,France,2023,36145,277061.06,99.13,46.98,0.474,A,X,AX,6.541922683051715,280,929,346,3.5,11,0.03,REORDER NOW,2023-12-31
SKU0032,BrandB Chocolate,Snacks,BrandB,France,2023,22580,268516.08,61.98,28.17,0.454,A,X,AX,6.379633896569381,166,561,228,3.7,7,0.019,REORDER NOW,2023-12-31
SKU0020,BrandB Energy drink,Beverages,BrandB,France,2023,23511,248746.38,64.33,21.51,0.334,A,X,AX,6.615924219150025,129,555,320,5.0,3,0.008,REORDER NOW,2023-12-31
SKU0070,BrandD Detergent,Home Care,BrandD,France,2023,40415,246127.35,110.77,38.77,0.35,A,X,AX,6.704601894521249,234,977,213,1.9,13,0.036,REORDER NOW,2023-12-31
SKU0054,BrandF Yogurt,Dairy,BrandF,France,2023,37390,238017.48,102.31,49.79,0.487,A,X,AX,6.490354582693293,296,960,351,3.4,11,0.03,REORDER NOW,2023-12-31
SKU0071,BrandE Detergent,Home Care,BrandE,France,2023,12842,185823.74,35.16,11.92,0.339,A,X,AX,6.5606822836661545,71,302,388,11.0,9,0.025,LOW,2023-12-31
SKU0053,BrandE Yogurt,Dairy,BrandE,France,2023,12664,173623.44,34.7,12.3,0.354,A,X,AX,6.593740399385561,74,303,451,13.0,11,0.03,LOW,2023-12-31
SKU0081,BrandC Cleaner,Home Care,BrandC,France,2023,28112,172888.8,77.03,25.69,0.334,B,X,BX,6.4712173579109065,108,607,327,4.2,7,0.019,REORDER NOW,2023-12-31
SKU0023,BrandE Energy drink,Beverages,BrandE,France,2023,38979,168796.3,106.71,48.88,0.458,B,X,BX,6.421140552995392,204,889,244,2.3,7,0.019,REORDER NOW,2023-12-31
SKU0076,BrandD Softener,Home Care,BrandD,France,2023,12214,167576.08,33.46,11.11,0.332,B,X,BX,6.468426779313876,47,263,268,8.0,11,0.03,LOW,2023-12-31
SKU0007,BrandA Juice,Beverages,BrandA,France,2023,12528,158479.2,34.3,11.81,0.344,B,X,BX,6.496537378392216,50,273,331,9.7,13,0.036,LOW,2023-12-31
SKU0036,BrandF Chocolate,Snacks,BrandF,France,2023,13914,154322.48,38.14,18.33,0.481,B,X,BX,6.495666922683053,77,325,334,8.8,12,0.033,LOW,2023-12-31
SKU0033,BrandC Chocolate,Snacks,BrandC,France,2023,28505,140529.65,78.2,25.79,0.33,B,X,BX,6.466692268305171,108,614,164,2.1,8,0.022,REORDER NOW,2023-12-31
SKU0102,BrandF Toothpaste,Personal Care,BrandF,France,2023,45458,139386.7,124.48,57.57,0.463,B,X,BX,6.6770737327188945,245,1076,138,1.1,9,0.025,REORDER NOW,2023-12-31
SKU0009,BrandC Juice,Beverages,BrandC,France,2023,25335,133262.1,69.34,24.78,0.357,B,X,BX,6.481349206349207,104,553,298,4.3,17,0.047,REORDER NOW,2023-12-31
SKU0034,BrandD Chocolate,Snacks,BrandD,France,2023,45018,125894.89,123.37,57.54,0.466,B,X,BX,6.413543266769072,240,1031,224,1.8,11,0.03,REORDER NOW,2023-12-31
SKU0052,BrandD Yogurt,Dairy,BrandD,France,2023,23284,125733.6,63.72,22.78,0.358,B,X,BX,6.449289554531489,95,506,263,4.1,16,0.044,REORDER NOW,2023-12-31
SKU0010,BrandD Juice,Beverages,BrandD,France,2023,18481,122375.23,50.57,23.99,0.474,B,X,BX,6.443375576036867,100,426,366,7.2,11,0.03,REORDER NOW,2023-12-31
SKU0090,BrandF Shampoo,Personal Care,BrandF,France,2023,8075,113938.25,22.13,6.96,0.315,B,X,BX,6.637403993855607,30,177,257,11.6,8,0.022,LOW,2023-12-31
SKU0072,BrandF Detergent,Home Care,BrandF,France,2023,14197,113008.12,38.86,14.34,0.369,B,X,BX,6.518970814132104,60,313,439,11.3,15,0.041,LOW,2023-12-31
SKU0012,BrandF Juice,Beverages,BrandF,France,2023,22832,108629.97,62.55,28.39,0.454,B,X,BX,6.485125448028675,119,525,237,3.8,8,0.022,REORDER NOW,2023-12-31
SKU0031,BrandA Chocolate,Snacks,BrandA,France,2023,17955,108358.18,49.19,23.22,0.472,B,X,BX,6.719252432155659,99,430,262,5.3,13,0.036,REORDER NOW,2023-12-31
SKU0098,BrandB Toothpaste,Personal Care,BrandB,France,2023,19083,103344.42,52.34,24.04,0.459,B,X,BX,6.491922683051715,101,441,447,8.5,11,0.03,LOW,2023-12-31
SKU0095,BrandE Soap,Personal Care,BrandE,France,2023,12207,102782.94,33.45,11.65,0.348,B,X,BX,6.2406041986687155,48,257,233,7.0,9,0.025,REORDER NOW,2023-12-31
SKU0035,BrandE Chocolate,Snacks,BrandE,France,2023,48323,98578.92,132.45,48.26,0.364,B,X,BX,6.471057347670251,203,1060,251,1.9,13,0.036,REORDER NOW,2023-12-31
SKU0011,BrandE Juice,Beverages,BrandE,France,2023,10835,97451.35,29.66,14.12,0.476,B,X,BX,6.4117831541218635,59,249,348,11.7,14,0.038,LOW,2023-12-31
SKU0088,BrandD Shampoo,Personal Care,BrandD,France,2023,9589,96177.67,26.27,9.09,0.346,B,X,BX,6.27921146953405,38,203,446,17.0,10,0.027,HEALTHY,2023-12-31
SKU0017,BrandE Water,Beverages,BrandE,France,2023,52800,94769.0,144.5,62.77,0.434,B,X,BX,6.446204557091654,263,1194,257,1.8,13,0.036,REORDER NOW,2023-12-31
SKU0046,BrandD Nuts,Snacks,BrandD,France,2023,37919,94697.27,104.01,52.74,0.507,B,Y,BY,6.612877624167947,224,912,528,5.1,14,0.038,REORDER NOW,2023-12-31
SKU0087,BrandC Shampoo,Personal Care,BrandC,France,2023,11291,92247.47,30.93,10.26,0.332,B,X,BX,6.639036098310292,44,249,180,5.8,16,0.044,REORDER NOW,2023-12-31
SKU0025,BrandA Chips,Snacks,BrandA,France,2023,10583,91542.95,28.99,10.19,0.352,C,X,CX,6.631906041986688,34,226,278,9.6,11,0.03,LOW,2023-12-31
SKU0063,BrandC Cheese,Dairy,BrandC,France,2023,23075,90874.39,63.26,27.8,0.439,C,X,CX,6.59304915514593,91,508,337,5.3,13,0.036,REORDER NOW,2023-12-31
SKU0096,BrandF Soap,Personal Care,BrandF,France,2023,38295,88078.5,105.0,35.36,0.337,C,X,CX,6.480043522785458,115,795,278,2.6,9,0.025,REORDER NOW,2023-12-31
SKU0066,BrandF Cheese,Dairy,BrandF,France,2023,13543,87097.16,37.05,17.49,0.472,C,X,CX,6.633531746031746,58,304,378,10.2,14,0.038,LOW,2023-12-31
SKU0004,BrandD Soda,Beverages,BrandD,France,2023,42204,76389.24,115.6,36.67,0.317,C,X,CX,6.673099078341014,121,892,402,3.5,10,0.027,REORDER NOW,2023-12-31
SKU0077,BrandE Softener,Home Care,BrandE,France,2023,25650,73222.97,70.21,30.87,0.44,C,X,CX,6.401491295442908,100,549,143,2.0,8,0.022,REORDER NOW,2023-12-31
SKU0021,BrandC Energy drink,Beverages,BrandC,France,2023,25500,69105.0,69.87,21.98,0.315,C,X,CX,6.605075524833588,72,533,401,5.7,6,0.016,REORDER NOW,2023-12-31
SKU0039,BrandC Biscuits,Snacks,BrandC,France,2023,5715,67437.0,15.67,5.19,0.331,C,X,CX,6.423220686123912,17,118,360,23.0,9,0.025,HEALTHY,2023-12-31
SKU0006,BrandF Soda,Beverages,BrandF,France,2023,54254,66646.65,148.57,65.4,0.44,C,X,CX,6.521191756272401,214,1183,263,1.8,7,0.019,REORDER NOW,2023-12-31
SKU0101,BrandE Toothpaste,Personal Care,BrandE,France,2023,6935,64893.53,19.02,8.73,0.459,C,X,CX,6.581112391193035,29,154,196,10.3,12,0.033,LOW,2023-12-31
SKU0022,BrandD Energy drink,Beverages,BrandD,France,2023,43835,64875.8,119.97,42.77,0.357,C,X,CX,6.5954173067076285,141,932,151,1.3,8,0.022,REORDER NOW,2023-12-31
SKU0084,BrandF Cleaner,Home Care,BrandF,France,2023,9799,53796.51,26.83,9.86,0.367,C,X,CX,6.395532514080902,32,204,297,11.1,18,0.049,LOW,2023-12-31
SKU0040,BrandD Biscuits,Snacks,BrandD,France,2023,8935,51001.15,24.46,11.44,0.468,C,X,CX,6.562704813108039,38,199,338,13.8,9,0.025,HEALTHY,2023-12-31
SKU0056,BrandB Milk,Dairy,BrandB,France,2023,10082,48184.86,27.6,12.56,0.455,C,X,CX,6.5602406554019455,41,222,158,5.7,16,0.044,REORDER NOW,2023-12-31
SKU0091,BrandA Soap,Personal Care,BrandA,France,2023,8329,44892.6,22.81,10.84,0.475,C,X,CX,6.166621863799283,34,175,296,13.0,8,0.022,HEALTHY,2023-12-31
SKU0085,BrandA Shampoo,Personal Care,BrandA,France,2023,30110,44686.93,82.54,36.66,0.444,C,X,CX,6.583493343573989,120,663,170,2.1,7,0.019,REORDER NOW,2023-12-31
SKU0067,BrandA Detergent,Home Care,BrandA,France,2023,15839,42448.52,43.38,14.73,0.34,C,X,CX,6.607072452636969,48,335,362,8.3,11,0.03,LOW,2023-12-31
SKU0019,BrandA Energy drink,Beverages,BrandA,France,2023,8543,42180.74,23.41,10.72,0.458,C,X,CX,6.483838965693804,35,187,282,12.0,9,0.025,HEALTHY,2023-12-31
SKU0037,BrandA Biscuits,Snacks,BrandA,France,2023,37026,39988.08,101.38,34.91,0.344,C,X,CX,6.416641065028162,113,764,266,2.6,13,0.036,REORDER NOW,2023-12-31
SKU0008,BrandB Juice,Beverages,BrandB,France,2023,11143,39557.65,30.46,10.59,0.348,C,X,CX,6.344290834613415,34,227,283,9.3,8,0.022,LOW,2023-12-31
SKU0003,BrandC Soda,Beverages,BrandC,France,2023,9786,31119.48,26.8,9.87,0.368,C,X,CX,6.516218637992831,32,207,254,9.5,17,0.047,LOW,2023-12-31
SKU0042,BrandF Biscuits,Snacks,BrandF,France,2023,5447,30666.61,14.93,5.38,0.36,C,X,CX,6.456931643625192,17,113,409,27.4,16,0.044,HEALTHY,2023-12-31
SKU0065,BrandE Cheese,Dairy,BrandE,France,2023,26403,27479.17,72.35,32.82,0.454,C,X,CX,6.464714541730671,107,575,311,4.3,10,0.027,REORDER NOW,2023-12-31
SKU0030,BrandF Chips,Snacks,BrandF,France,2023,16573,27013.99,45.42,14.62,0.322,C,X,CX,6.545090885816692,48,345,150,3.3,9,0.025,REORDER NOW,2023-12-31
SKU0029,BrandE Chips,Snacks,BrandE,France,2023,12622,26654.57,34.59,15.33,0.443,C,X,CX,6.395692524321556,50,271,388,11.2,15,0.041,LOW,2023-12-31
SKU0055,BrandA Milk,Dairy,BrandA,France,2023,5840,24528.0,16.0,5.1,0.318,C,X,CX,6.464829749103942,17,120,237,14.8,6,0.016,HEALTHY,2023-12-31
SKU0075,BrandC Softener,Home Care,BrandC,France,2023,13490,23202.8,36.94,12.87,0.348,C,X,CX,6.494258832565284,42,282,329,8.9,10,0.027,LOW,2023-12-31
SKU0073,BrandA Softener,Home Care,BrandA,France,2023,4196,20938.04,11.49,3.68,0.32,C,X,CX,6.483237327188941,12,87,217,18.9,8,0.022,HEALTHY,2023-12-31
SKU0050,BrandB Yogurt,Dairy,BrandB,France,2023,6832,9291.52,18.71,6.39,0.341,C,X,CX,6.582002048131081,21,144,297,15.9,14,0.038,HEALTHY,2023-12-31
SKU0027,BrandC Chips,Snacks,BrandC,Germany,2023,44884,596686.38,122.99,57.8,0.47,A,X,AX,6.461629544290834,342,1137,213,1.7,11,0.03,REORDER NOW,2023-12-31
SKU0018,BrandF Water,Beverages,BrandF,Germany,2023,39258,570026.16,107.5,35.95,0.334,A,X,AX,6.263108038914491,210,883,368,3.4,7,0.019,REORDER NOW,2023-12-31
SKU0092,BrandB Soap,Personal Care,BrandB,Germany,2023,37276,520000.2,102.2,33.8,0.331,A,X,AX,6.409613415258576,199,854,337,3.3,16,0.044,REORDER NOW,2023-12-31
SKU0026,BrandB Chips,Snacks,BrandB,Germany,2023,35125,511771.25,96.26,32.62,0.339,A,X,AX,6.533672555043523,194,823,299,3.1,9,0.025,REORDER NOW,2023-12-31
SKU0061,BrandA Cheese,Dairy,BrandA,Germany,2023,39095,480868.5,107.17,34.3,0.32,A,X,AX,6.322094214029698,201,879,181,1.7,10,0.027,REORDER NOW,2023-12-31
SKU0057,BrandC Milk,Dairy,BrandC,Germany,2023,33798,473847.96,92.59,31.19,0.337,A,X,AX,6.454358678955454,185,783,426,4.6,11,0.03,REORDER NOW,2023-12-31
SKU0099,BrandC Toothpaste,Personal Care,BrandC,Germany,2023,44820,468764.66,122.73,59.4,0.484,A,X,AX,6.564887352790579,355,1161,327,2.7,18,0.049,REORDER NOW,2023-12-31
SKU0064,BrandD Cheese,Dairy,BrandD,Germany,2023,36848,458757.6,100.85,35.99,0.357,A,X,AX,6.526203277009729,214,872,270,2.7,10,0.027,REORDER NOW,2023-12-31
SKU0100,BrandD Toothpaste,Personal Care,BrandD,Germany,2023,32930,441920.6,90.22,32.26,0.358,A,X,AX,6.568721198156681,193,786,245,2.7,11,0.03,REORDER NOW,2023-12-31
SKU0041,BrandE Biscuits,Snacks,BrandE,Germany,2023,32968,409531.56,90.32,38.46,0.426,A,X,AX,6.391084229390681,227,804,329,3.6,11,0.03,REORDER NOW,2023-12-31
SKU0079,BrandA Cleaner,Home Care,BrandA,Germany,2023,39494,383395.1,108.25,51.6,0.477,A,X,AX,6.468394777265746,306,1006,276,2.5,6,0.016,REORDER NOW,2023-12-31
SKU0028,BrandD Chips,Snacks,BrandD,Germany,2023,40305,377657.85,110.37,38.84,0.352,A,X,AX,6.504627496159753,231,949,262,2.4,14,0.038,REORDER NOW,2023-12-31
SKU0097,BrandA Toothpaste,Personal Care,BrandA,Germany,2023,27462,373757.82,75.25,26.8,0.356,A,X,AX,6.733205325140808,162,669,333,4.4,16,0.044,REORDER NOW,2023-12-31
SKU0038,BrandB Biscuits,Snacks,BrandB,Germany,2023,33366,363689.4,91.34,31.03,0.34,A,X,AX,6.426312083973374,183,770,216,2.4,6,0.016,REORDER NOW,2023-12-31
SKU0058,BrandD Milk,Dairy,BrandD,Germany,2023,36824,363452.88,100.96,32.7,0.324,A,X,AX,6.304697900665642,191,828,305,3.0,9,0.025,REORDER NOW,2023-12-31
SKU0005,BrandE Soda,Beverages,BrandE,Germany,2023,40223,353790.74,110.04,53.59,0.487,A,X,AX,6.382923707117256,315,1017,258,2.3,14,0.038,REORDER NOW,2023-12-31
SKU0045,BrandC Nuts,Snacks,BrandC,Germany,2023,26410,330369.55,72.34,33.79,0.467,A,X,AX,6.317217101894521,198,655,258,3.6,11,0.03,REORDER NOW,2023-12-31
SKU0002,BrandB Soda,Beverages,BrandB,Germany,2023,29281,329411.25,80.16,28.13,0.351,A,X,AX,6.402918586789554,166,679,348,4.3,9,0.025,REORDER NOW,2023-12-31
SKU0060,BrandF Milk,Dairy,BrandF,Germany,2023,23867,322204.5,65.48,22.45,0.343,A,X,AX,6.5617127496159755,134,564,415,6.3,15,0.041,REORDER NOW,2023-12-31
SKU0013,BrandA Water,Beverages,BrandA,Germany,2023,46885,320884.93,128.36,59.66,0.465,A,X,AX,6.813696876600102,363,1238,266,2.1,11,0.03,REORDER NOW,2023-12-31
SKU0001,BrandA Soda,Beverages,BrandA,Germany,2023,54078,314884.15,148.04,68.94,0.466,A,X,AX,6.597964669738864,413,1390,163,1.1,11,0.03,REORDER NOW,2023-12-31
SKU0048,BrandF Nuts,Snacks,BrandF,Germany,2023,27506,306809.97,75.32,32.04,0.425,A,X,AX,6.554345878136201,191,685,346,4.6,10,0.027,REORDER NOW,2023-12-31
SKU0047,BrandE Nuts,Snacks,BrandE,Germany,2023,26177,304962.05,71.7,25.27,0.352,A,X,AX,6.406637224782386,149,608,213,3.0,13,0.036,REORDER NOW,2023-12-31
SKU0094,BrandD Soap,Personal Care,BrandD,Germany,2023,24333,302702.52,66.66,24.21,0.363,A,X,AX,6.437186379928316,143,572,316,4.7,8,0.022,REORDER NOW,2023-12-31
SKU0069,BrandC Detergent,Home Care,BrandC,Germany,2023,36850,282712.97,101.01,48.47,0.48,A,X,AX,6.6038402457757295,290,957,124,1.2,11,0.03,REORDER NOW,2023-12-31
SKU0032,BrandB Chocolate,Snacks,BrandB,Germany,2023,22457,266822.01,61.68,29.2,0.473,A,X,AX,6.486584741423452,173,573,239,3.9,15,0.041,REORDER NOW,2023-12-31
SKU0070,BrandD Detergent,Home Care,BrandD,Germany,2023,42204,257022.36,115.64,40.46,0.35,A,X,AX,6.516673067076293,241,995,473,4.1,9,0.025,REORDER NOW,2023-12-31
SKU0054,BrandF Yogurt,Dairy,BrandF,Germany,2023,39151,249379.41,107.23,48.55,0.453,A,X,AX,6.474961597542243,288,982,319,3.0,12,0.033,REORDER NOW,2023-12-31
SKU0068,BrandB Detergent,Home Care,BrandB,Germany,2023,18051,242043.97,49.47,21.82,0.441,A,X,AX,6.655312339989759,131,460,289,5.8,7,0.019,REORDER NOW,2023-12-31
SKU0020,BrandB Energy drink,Beverages,BrandB,Germany,2023,22628,239404.24,61.92,22.08,0.357,A,X,AX,6.533141321044547,132,537,309,5.0,13,0.036,REORDER NOW,2023-12-31
SKU0082,BrandD Cleaner,Home Care,BrandD,Germany,2023,23963,236514.81,65.65,23.38,0.356,A,X,AX,6.438492063492063,138,561,269,4.1,12,0.033,REORDER NOW,2023-12-31
SKU0074,BrandB Softener,Home Care,BrandB,Germany,2023,25540,228136.72,69.99,32.85,0.469,A,X,AX,6.438588069636457,194,645,163,2.3,11,0.03,REORDER NOW,2023-12-31
SKU0078,BrandF Softener,Home Care,BrandF,Germany,2023,12159,179953.2,33.31,12.08,0.362,A,X,AX,6.629038658474143,72,293,344,10.3,12,0.033,LOW,2023-12-31
SKU0071,BrandE Detergent,Home Care,BrandE,Germany,2023,12305,178053.35,33.72,12.16,0.361,A,X,AX,6.512928827444957,72,292,297,8.8,16,0.044,LOW,2023-12-31
SKU0081,BrandC Cleaner,Home Care,BrandC,Germany,2023,27810,171031.5,76.16,27.83,0.365,A,X,AX,6.434363799283155,164,654,369,4.8,10,0.027,REORDER NOW,2023-12-31
SKU0053,BrandE Yogurt,Dairy,BrandE,Germany,2023,12421,170291.91,34.01,11.98,0.352,B,X,BX,6.573463901689709,51,275,274,8.1,5,0.014,REORDER NOW,2023-12-31
SKU0076,BrandD Softener,Home Care,BrandD,Germany,2023,12241,167946.52,33.55,10.89,0.325,B,X,BX,6.600518433179723,46,267,463,13.8,8,0.022,HEALTHY,2023-12-31
SKU0049,BrandA Yogurt,Dairy,BrandA,Germany,2023,19837,165043.84,54.33,18.38,0.338,B,X,BX,6.496492575524833,77,430,321,5.9,9,0.025,REORDER NOW,2023-12-31
SKU0023,BrandE Energy drink,Beverages,BrandE,Germany,2023,38010,164229.19,104.0,48.89,0.47,B,X,BX,6.575691244239631,207,891,309,3.0,13,0.036,REORDER NOW,2023-12-31
SKU0036,BrandF Chocolate,Snacks,BrandF,Germany,2023,14256,158428.19,39.07,18.7,0.479,B,X,BX,6.497254224270353,79,333,361,9.2,13,0.036,LOW,2023-12-31
SKU0007,BrandA Juice,Beverages,BrandA,Germany,2023,12240,154836.0,33.5,11.78,0.352,B,X,BX,6.521044546850998,50,268,213,6.4,8,0.022,REORDER NOW,2023-12-31
SKU0080,BrandB Cleaner,Home Care,BrandB,Germany,2023,37260,151923.9,102.09,42.82,0.419,B,X,BX,6.670218894009217,182,863,342,3.3,10,0.027,REORDER NOW,2023-12-31
SKU0033,BrandC Chocolate,Snacks,BrandC,Germany,2023,28679,141387.47,78.67,26.28,0.334,B,X,BX,6.402912186379929,110,614,254,3.2,6,0.016,REORDER NOW,2023-12-31
SKU0009,BrandC Juice,Beverages,BrandC,Germany,2023,26853,141246.78,73.53,24.64,0.335,B,X,BX,6.482232462877625,103,580,226,3.1,9,0.025,REORDER NOW,2023-12-31
SKU0024,BrandF Energy drink,Beverages,BrandF,Germany,2023,26228,140582.08,71.74,24.27,0.338,B,X,BX,6.552137736815156,102,572,354,4.9,8,0.022,REORDER NOW,2023-12-31
SKU0093,BrandC Soap,Personal Care,BrandC,Germany,2023,29640,136640.4,81.16,28.25,0.348,B,X,BX,6.510074244751664,119,647,214,2.6,10,0.027,REORDER NOW,2023-12-31
SKU0102,BrandF Toothpaste,Personal Care,BrandF,Germany,2023,43983,135038.65,120.44,57.55,0.478,B,X,BX,6.609415002560163,244,1040,320,2.7,18,0.049,REORDER NOW,2023-12-31
SKU0034,BrandD Chocolate,Snacks,BrandD,Germany,2023,48363,134734.77,132.66,60.68,0.457,B,X,BX,6.5009344598054275,255,1117,293,2.2,11,0.03,REORDER NOW,2023-12-31
SKU0010,BrandD Juice,Beverages,BrandD,Germany,2023,18997,125855.1,51.99,24.24,0.466,B,X,BX,6.315905017921147,101,429,402,7.7,12,0.033,REORDER NOW,2023-12-31
SKU0059,BrandE Milk,Dairy,BrandE,Germany,2023,10101,123737.25,27.67,9.72,0.351,B,X,BX,6.499513568868408,41,221,307,11.1,9,0.025,LOW,2023-12-31
SKU0052,BrandD Yogurt,Dairy,BrandD,Germany,2023,22542,121726.8,61.78,19.95,0.323,B,X,BX,6.66439452124936,85,497,341,5.5,10,0.027,REORDER NOW,2023-12-31
SKU0072,BrandF Detergent,Home Care,BrandF,Germany,2023,14429,114854.84,39.5,13.75,0.348,B,X,BX,6.594719662058371,58,318,355,9.0,11,0.03,LOW,2023-12-31
SKU0090,BrandF Shampoo,Personal Care,BrandF,Germany,2023,7883,111229.13,21.61,8.16,0.377,B,X,BX,6.654083461341526,35,179,256,11.8,12,0.033,LOW,2023-12-31
SKU0016,BrandD Water,Beverages,BrandD,Germany,2023,12418,110486.21,33.99,15.62,0.46,B,X,BX,6.478475422427035,66,286,141,4.1,13,0.036,REORDER NOW,2023-12-31
SKU0031,BrandA Chocolate,Snacks,BrandA,Germany,2023,17932,108668.87,49.18,23.26,0.473,B,X,BX,6.5806131592421915,98,422,231,4.7,15,0.041,REORDER NOW,2023-12-31
SKU0012,BrandF Juice,Beverages,BrandF,Germany,2023,22529,107003.77,61.66,29.78,0.483,B,X,BX,6.4391065028161805,125,522,271,4.4,13,0.036,REORDER NOW,2023-12-31
SKU0098,BrandB Toothpaste,Personal Care,BrandB,Germany,2023,18884,102348.25,51.73,23.38,0.452,B,X,BX,6.404173067076293,98,429,273,5.3,13,0.036,REORDER NOW,2023-12-31
SKU0095,BrandE Soap,Personal Care,BrandE,Germany,2023,11991,100964.22,32.83,10.9,0.332,B,X,BX,6.386751152073733,45,255,271,8.3,9,0.025,LOW,2023-12-31
SKU0011,BrandE Juice,Beverages,BrandE,Germany,2023,11009,98335.13,30.12,14.2,0.471,B,X,BX,6.560202252944188,60,258,246,8.2,7,0.019,REORDER NOW,2023-12-31
SKU0014,BrandB Water,Beverages,BrandB,Germany,2023,25778,97956.4,70.6,22.86,0.324,B,X,BX,6.313530465949821,95,541,157,2.2,6,0.016,REORDER NOW,2023-12-31
SKU0035,BrandE Chocolate,Snacks,BrandE,Germany,2023,47487,96873.48,130.29,49.45,0.38,B,X,BX,6.639503328213006,210,1075,415,3.2,14,0.038,REORDER NOW,2023-12-31
SKU0087,BrandC Shampoo,Personal Care,BrandC,Germany,2023,11750,95997.5,32.18,10.78,0.335,B,X,BX,6.515316180235534,45,255,286,8.9,10,0.027,LOW,2023-12-31
SKU0017,BrandE Water,Beverages,BrandE,Germany,2023,53345,95479.54,146.06,67.87,0.465,C,X,CX,6.290610599078342,218,1137,344,2.4,12,0.033,REORDER NOW,2023-12-31
SKU0088,BrandD Shampoo,Personal Care,BrandD,Germany,2023,9397,94251.91,25.72,8.36,0.325,C,X,CX,6.6405273937532,28,199,143,5.6,6,0.016,REORDER NOW,2023-12-31
SKU0043,BrandA Nuts,Snacks,BrandA,Germany,2023,18721,93539.79,51.31,25.82,0.503,C,Y,CY,6.4823284690220175,84,417,295,5.7,13,0.036,REORDER NOW,2023-12-31
SKU0046,BrandD Nuts,Snacks,BrandD,Germany,2023,37057,93036.43,101.65,46.64,0.459,C,X,CX,6.471038146441373,152,810,321,3.2,15,0.041,REORDER NOW,2023-12-31
SKU0063,BrandC Cheese,Dairy,BrandC,Germany,2023,23354,91337.6,64.04,28.58,0.446,C,X,CX,6.502176139272913,93,509,195,3.0,13,0.036,REORDER NOW,2023-12-31
SKU0025,BrandA Chips,Snacks,BrandA,Germany,2023,10239,88567.35,28.05,10.12,0.361,C,X,CX,6.594527649769585,33,218,235,8.4,17,0.047,LOW,2023-12-31
SKU0066,BrandF Cheese,Dairy,BrandF,Germany,2023,13557,87018.48,37.14,17.47,0.47,C,X,CX,6.454089861751153,57,297,308,8.3,11,0.03,LOW,2023-12-31
SKU0096,BrandF Soap,Personal Care,BrandF,Germany,2023,37800,86940.0,103.58,34.74,0.335,C,X,CX,6.612224782386073,114,799,361,3.5,15,0.041,REORDER NOW,2023-12-31
SKU0004,BrandD Soda,Beverages,BrandD,Germany,2023,41052,74304.12,112.38,39.3,0.35,C,X,CX,6.551676907322069,129,865,249,2.2,12,0.033,REORDER NOW,2023-12-31
SKU0077,BrandE Softener,Home Care,BrandE,Germany,2023,26048,74226.8,71.44,30.72,0.43,C,X,CX,6.479909114183307,100,563,194,2.7,10,0.027,REORDER NOW,2023-12-31
SKU0039,BrandC Biscuits,Snacks,BrandC,Germany,2023,5960,70328.0,16.3,5.44,0.333,C,X,CX,6.428577828981055,18,123,249,15.3,9,0.025,HEALTHY,2023-12-31
SKU0021,BrandC Energy drink,Beverages,BrandC,Germany,2023,25198,68286.58,68.99,24.13,0.35,C,X,CX,6.5096518177163345,79,528,327,4.7,14,0.038,REORDER NOW,2023-12-31
SKU0101,BrandE Toothpaste,Personal Care,BrandE,Germany,2023,7003,65878.06,19.18,8.67,0.452,C,X,CX,6.461443932411675,28,152,229,11.9,10,0.027,HEALTHY,2023-12-31
SKU0006,BrandF Soda,Beverages,BrandF,Germany,2023,52079,63983.68,142.5,62.17,0.436,C,X,CX,6.616980286738351,205,1148,287,2.0,9,0.025,REORDER NOW,2023-12-31
SKU0084,BrandF Cleaner,Home Care,BrandF,Germany,2023,9790,53747.1,26.81,9.22,0.344,C,X,CX,6.408986175115207,30,202,189,7.0,11,0.03,REORDER NOW,2023-12-31
SKU0056,BrandB Milk,Dairy,BrandB,Germany,2023,10368,49451.62,28.39,12.8,0.451,C,X,CX,6.507091653865847,42,227,131,4.6,11,0.03,REORDER NOW,2023-12-31
SKU0040,BrandD Biscuits,Snacks,BrandD,Germany,2023,8456,48315.03,23.14,9.99,0.432,C,X,CX,6.573943932411674,33,185,265,11.5,11,0.03,LOW,2023-12-31
SKU0015,BrandC Water,Beverages,BrandC,Germany,2023,5113,47499.77,13.99,4.81,0.344,C,X,CX,6.610061443932412,16,108,140,10.0,6,0.016,LOW,2023-12-31
SKU0091,BrandA Soap,Personal Care,BrandA,Germany,2023,8467,45965.26,23.2,10.2,0.44,C,X,CX,6.40483870967742,33,182,319,13.8,11,0.03,HEALTHY,2023-12-31
SKU0085,BrandA Shampoo,Personal Care,BrandA,Germany,2023,29658,44090.27,81.25,35.19,0.433,C,X,CX,6.450633640552996,114,638,312,3.8,4,0.011,REORDER NOW,2023-12-31
SKU0067,BrandA Detergent,Home Care,BrandA,Germany,2023,15801,42346.68,43.27,14.58,0.337,C,X,CX,6.350793650793651,47,322,218,5.0,7,0.019,REORDER NOW,2023-12-31
SKU0019,BrandA Energy drink,Beverages,BrandA,Germany,2023,8473,41871.69,23.19,10.37,0.447,C,X,CX,6.503897849462366,34,185,286,12.3,6,0.016,HEALTHY,2023-12-31
SKU0008,BrandB Juice,Beverages,BrandB,Germany,2023,11436,40597.8,31.29,10.78,0.345,C,X,CX,6.347305427547362,35,234,327,10.5,9,0.025,LOW,2023-12-31
SKU0051,BrandC Yogurt,Dairy,BrandC,Germany,2023,28167,40560.48,77.24,25.82,0.334,C,X,CX,6.500678443420379,84,586,254,3.3,11,0.03,REORDER NOW,2023-12-31
SKU0037,BrandA Biscuits,Snacks,BrandA,Germany,2023,35763,38624.04,97.93,33.61,0.343,C,X,CX,6.410151049667179,109,737,301,3.1,5,0.014,REORDER NOW,2023-12-31
SKU0062,BrandB Cheese,Dairy,BrandB,Germany,2023,6992,38106.4,19.17,6.41,0.334,C,X,CX,6.6821364567332315,21,149,441,23.0,11,0.03,HEALTHY,2023-12-31
SKU0086,BrandB Shampoo,Personal Care,BrandB,Germany,2023,3842,38059.8,10.52,4.95,0.471,C,X,CX,6.414842549923194,16,83,272,25.9,10,0.027,HEALTHY,2023-12-31
SKU0003,BrandC Soda,Beverages,BrandC,Germany,2023,9829,31256.22,26.91,9.37,0.348,C,X,CX,6.554384280593958,31,207,313,11.6,8,0.022,HEALTHY,2023-12-31
SKU0042,BrandF Biscuits,Snacks,BrandF,Germany,2023,5348,30109.24,14.66,5.05,0.344,C,X,CX,6.546665386584742,17,113,226,15.4,10,0.027,HEALTHY,2023-12-31
SKU0030,BrandF Chips,Snacks,BrandF,Germany,2023,16776,27344.88,45.96,15.38,0.335,C,X,CX,6.50899897593446,50,349,237,5.2,11,0.03,REORDER NOW,2023-12-31
SKU0065,BrandE Cheese,Dairy,BrandE,Germany,2023,26280,27339.81,71.93,33.28,0.463,C,X,CX,6.346537378392217,107,563,335,4.7,17,0.047,REORDER NOW,2023-12-31
SKU0029,BrandE Chips,Snacks,BrandE,Germany,2023,12807,26990.78,35.09,16.2,0.462,C,X,CX,6.61994367639529,53,285,260,7.4,12,0.033,REORDER NOW,2023-12-31
SKU0055,BrandA Milk,Dairy,BrandA,Germany,2023,5609,23557.8,15.38,5.11,0.332,C,X,CX,6.552144137224783,17,118,203,13.2,9,0.025,HEALTHY,2023-12-31
SKU0075,BrandC Softener,Home Care,BrandC,Germany,2023,13672,23515.84,37.44,12.63,0.337,C,X,CX,6.394668458781362,41,280,204,5.4,12,0.033,REORDER NOW,2023-12-31
SKU0073,BrandA Softener,Home Care,BrandA,Germany,2023,3983,19875.17,10.92,3.9,0.357,C,X,CX,6.488677675371224,13,84,217,19.9,15,0.041,HEALTHY,2023-12-31
SKU0050,BrandB Yogurt,Dairy,BrandB,Germany,2023,6999,9518.64,19.17,6.18,0.323,C,X,CX,6.556227598566308,20,146,366,19.1,6,0.016,HEALTHY,2023-12-31
SKU0027,BrandC Chips,Snacks,BrandC,Italy,2023,33587,446335.56,92.06,44.0,0.478,A,X,AX,6.542063492063492,262,864,441,4.8,12,0.033,REORDER NOW,2023-12-31
SKU0057,BrandC Milk,Dairy,BrandC,Italy,2023,29892,419085.84,81.85,28.0,0.342,A,X,AX,6.52031490015361,167,701,280,3.4,8,0.022,REORDER NOW,2023-12-31
SKU0018,BrandF Water,Beverages,BrandF,Italy,2023,27468,398835.36,75.22,26.15,0.348,A,X,AX,6.574667178699436,156,651,328,4.4,9,0.025,REORDER NOW,2023-12-31
SKU0092,BrandB Soap,Personal Care,BrandB,Italy,2023,27042,377235.9,74.08,24.44,0.33,A,X,AX,6.49179467485919,145,626,382,5.2,12,0.033,REORDER NOW,2023-12-31
SKU0026,BrandB Chips,Snacks,BrandB,Italy,2023,25113,365896.41,68.82,23.54,0.342,A,X,AX,6.349142345110088,138,575,184,2.7,8,0.022,REORDER NOW,2023-12-31
SKU0061,BrandA Cheese,Dairy,BrandA,Italy,2023,26918,331091.4,73.74,26.55,0.36,A,X,AX,6.467165898617512,157,634,245,3.3,13,0.036,REORDER NOW,2023-12-31
SKU0100,BrandD Toothpaste,Personal Care,BrandD,Italy,2023,24396,327394.32,66.83,21.53,0.322,A,X,AX,6.545654121863799,128,565,381,5.7,9,0.025,REORDER NOW,2023-12-31
SKU0099,BrandC Toothpaste,Personal Care,BrandC,Italy,2023,31108,326147.67,85.29,39.86,0.467,A,X,AX,6.58124039938556,238,799,337,4.0,8,0.022,REORDER NOW,2023-12-31
SKU0064,BrandD Cheese,Dairy,BrandD,Italy,2023,24994,311175.3,68.48,24.89,0.363,A,X,AX,6.256003584229391,145,573,360,5.3,13,0.036,REORDER NOW,2023-12-31
SKU0041,BrandE Biscuits,Snacks,BrandE,Italy,2023,24091,299080.08,65.93,29.23,0.443,A,X,AX,6.450864055299539,173,598,318,4.8,10,0.027,REORDER NOW,2023-12-31
SKU0028,BrandD Chips,Snacks,BrandD,Italy,2023,29579,277155.23,81.07,27.77,0.343,A,X,AX,6.470897337429595,165,690,122,1.5,8,0.022,REORDER NOW,2023-12-31
SKU0097,BrandA Toothpaste,Personal Care,BrandA,Italy,2023,20074,273207.14,54.96,18.26,0.332,A,X,AX,6.496626984126984,108,465,405,7.4,13,0.036,REORDER NOW,2023-12-31
SKU0079,BrandA Cleaner,Home Care,BrandA,Italy,2023,27931,270532.99,76.54,36.56,0.478,A,X,AX,6.383141321044547,215,704,216,2.8,12,0.033,REORDER NOW,2023-12-31
SKU0038,BrandB Biscuits,Snacks,BrandB,Italy,2023,23926,260793.4,65.55,21.8,0.333,A,X,AX,6.796959805427548,132,578,357,5.4,7,0.019,REORDER NOW,2023-12-31
SKU0058,BrandD Milk,Dairy,BrandD,Italy,2023,26410,260666.7,72.42,25.85,0.357,A,X,AX,6.568068356374808,154,630,376,5.2,16,0.044,REORDER NOW,2023-12-31
SKU0005,BrandE Soda,Beverages,BrandE,Italy,2023,28941,254537.34,79.15,35.85,0.453,A,X,AX,6.421774193548387,212,720,192,2.4,8,0.022,REORDER NOW,2023-12-31
SKU0002,BrandB Soda,Beverages,BrandB,Italy,2023,21072,237060.0,57.68,19.83,0.344,A,X,AX,6.591161034306196,119,499,284,4.9,15,0.041,REORDER NOW,2023-12-31
SKU0044,BrandB Nuts,Snacks,BrandB,Italy,2023,20802,233190.42,57.04,20.72,0.363,A,X,AX,6.661923963133641,125,505,416,7.3,17,0.047,REORDER NOW,2023-12-31
SKU0045,BrandC Nuts,Snacks,BrandC,Italy,2023,18471,231014.57,50.63,23.83,0.471,A,X,AX,6.54062980030722,142,473,263,5.2,13,0.036,REORDER NOW,2023-12-31
SKU0060,BrandF Milk,Dairy,BrandF,Italy,2023,17053,230215.5,46.71,16.44,0.352,A,X,AX,6.256240399385561,96,388,242,5.2,15,0.041,REORDER NOW,2023-12-31
SKU0001,BrandA Soda,Beverages,BrandA,Italy,2023,38495,224588.84,105.43,49.44,0.469,A,X,AX,6.607750896057348,296,993,307,2.9,9,0.025,REORDER NOW,2023-12-31
SKU0013,BrandA Water,Beverages,BrandA,Italy,2023,32268,221697.76,88.36,43.09,0.488,A,X,AX,6.320794930875576,252,811,270,3.1,12,0.033,REORDER NOW,2023-12-31
SKU0048,BrandF Nuts,Snacks,BrandF,Italy,2023,19663,218619.58,53.84,25.49,0.474,A,X,AX,6.538709677419355,152,504,315,5.9,14,0.038,REORDER NOW,2023-12-31
SKU0094,BrandD Soap,Personal Care,BrandD,Italy,2023,17518,217923.92,47.99,16.81,0.35,A,X,AX,6.656483614951356,101,420,254,5.3,11,0.03,REORDER NOW,2023-12-31
SKU0047,BrandE Nuts,Snacks,BrandE,Italy,2023,18358,213870.7,50.31,16.37,0.325,A,X,AX,6.498809523809523,97,424,368,7.3,6,0.016,REORDER NOW,2023-12-31
SKU0069,BrandC Detergent,Home Care,BrandC,Italy,2023,26360,201760.02,72.24,35.77,0.495,A,X,AX,6.521697388632872,213,684,341,4.7,11,0.03,REORDER NOW,2023-12-31
SKU0032,BrandB Chocolate,Snacks,BrandB,Italy,2023,15443,183606.57,42.32,19.61,0.463,A,X,AX,6.479243471582181,116,390,195,4.6,13,0.036,REORDER NOW,2023-12-31
SKU0070,BrandD Detergent,Home Care,BrandD,Italy,2023,29534,179862.06,80.91,27.71,0.342,A,X,AX,6.620359703020994,166,702,476,5.9,6,0.016,REORDER NOW,2023-12-31
SKU0020,BrandB Energy drink,Beverages,BrandB,Italy,2023,16360,173088.8,44.81,15.57,0.348,A,X,AX,6.468490783410139,92,382,338,7.5,11,0.03,REORDER NOW,2023-12-31
SKU0068,BrandB Detergent,Home Care,BrandB,Italy,2023,12642,169327.19,34.64,16.49,0.476,A,X,AX,6.496947004608295,98,323,224,6.5,13,0.036,REORDER NOW,2023-12-31
SKU0054,BrandF Yogurt,Dairy,BrandF,Italy,2023,26236,167672.7,71.84,33.34,0.464,A,X,AX,6.5657450076804915,199,671,402,5.6,15,0.041,REORDER NOW,2023-12-31
SKU0074,BrandB Softener,Home Care,BrandB,Italy,2023,18541,165380.73,50.75,22.92,0.452,A,X,AX,6.449033538146441,136,463,341,6.7,11,0.03,REORDER NOW,2023-12-31
SKU0082,BrandD Cleaner,Home Care,BrandD,Italy,2023,16560,163447.2,45.37,16.07,0.354,A,X,AX,6.391506656426011,95,385,346,7.6,13,0.036,REORDER NOW,2023-12-31
SKU0089,BrandE Shampoo,Personal Care,BrandE,Italy,2023,12580,134228.6,34.48,11.97,0.347,A,X,AX,6.521594982078853,71,296,431,12.5,13,0.036,LOW,2023-12-31
SKU0078,BrandF Softener,Home Care,BrandF,Italy,2023,9032,133673.6,24.74,8.48,0.343,A,X,AX,6.505171530977982,50,211,372,15.0,9,0.025,HEALTHY,2023-12-31
SKU0071,BrandE Detergent,Home Care,BrandE,Italy,2023,8868,128319.96,24.3,8.04,0.331,A,X,AX,6.4158794162826425,47,203,348,14.3,11,0.03,HEALTHY,2023-12-31
SKU0080,BrandB Cleaner,Home Care,BrandB,Italy,2023,31074,126423.5,85.2,39.71,0.466,A,X,AX,6.667133896569381,239,807,304,3.6,13,0.036,REORDER NOW,2023-12-31
SKU0053,BrandE Yogurt,Dairy,BrandE,Italy,2023,9057,124171.47,24.81,8.53,0.344,B,X,BX,6.55573476702509,36,199,317,12.8,9,0.025,HEALTHY,2023-12-31
SKU0081,BrandC Cleaner,Home Care,BrandC,Italy,2023,19949,122686.35,54.71,17.64,0.323,B,X,BX,6.414100102406554,74,425,339,6.2,8,0.022,REORDER NOW,2023-12-31
SKU0076,BrandD Softener,Home Care,BrandD,Italy,2023,8611,118142.92,23.59,7.89,0.335,B,X,BX,6.66441372247824,34,191,376,15.9,8,0.022,HEALTHY,2023-12-31
SKU0072,BrandF Detergent,Home Care,BrandF,Italy,2023,14732,117266.72,40.34,13.48,0.334,B,X,BX,6.424923195084485,56,315,280,6.9,8,0.022,REORDER NOW,2023-12-31
SKU0049,BrandA Yogurt,Dairy,BrandA,Italy,2023,13912,115747.84,38.15,12.41,0.325,B,X,BX,6.552054531490016,52,302,209,5.5,7,0.019,REORDER NOW,2023-12-31
SKU0036,BrandF Chocolate,Snacks,BrandF,Italy,2023,10331,115162.29,28.36,13.3,0.469,B,X,BX,6.439068100358423,56,239,313,11.0,10,0.027,LOW,2023-12-31
SKU0023,BrandE Energy drink,Beverages,BrandE,Italy,2023,26558,114466.68,72.64,37.95,0.522,B,Y,BY,6.4510496671787,159,628,416,5.7,20,0.055,REORDER NOW,2023-12-31
SKU0007,BrandA Juice,Beverages,BrandA,Italy,2023,8641,109308.65,23.67,8.17,0.345,B,X,BX,6.637429595494112,35,192,340,14.4,9,0.025,HEALTHY,2023-12-31
SKU0102,BrandF Toothpaste,Personal Care,BrandF,Italy,2023,33258,102174.6,91.05,42.78,0.47,B,X,BX,6.501350486431131,180,772,322,3.5,7,0.019,REORDER NOW,2023-12-31
SKU0024,BrandF Energy drink,Beverages,BrandF,Italy,2023,18649,99958.64,51.07,16.55,0.324,B,X,BX,6.704633896569381,71,413,324,6.3,9,0.025,REORDER NOW,2023-12-31
SKU0009,BrandC Juice,Beverages,BrandC,Italy,2023,18801,98893.26,51.47,16.23,0.315,B,X,BX,6.494015616999488,68,402,231,4.5,7,0.019,REORDER NOW,2023-12-31
SKU0033,BrandC Chocolate,Snacks,BrandC,Italy,2023,19754,97387.22,54.12,18.82,0.348,B,X,BX,6.466449052739375,79,429,364,6.7,9,0.025,REORDER NOW,2023-12-31
SKU0093,BrandC Soap,Personal Care,BrandC,Italy,2023,20894,96321.34,57.2,19.73,0.345,B,X,BX,6.416033026113671,82,449,364,6.4,15,0.041,REORDER NOW,2023-12-31
SKU0034,BrandD Chocolate,Snacks,BrandD,Italy,2023,33453,93067.64,91.82,43.69,0.476,B,X,BX,6.420430107526882,183,773,275,3.0,6,0.016,REORDER NOW,2023-12-31
SKU0010,BrandD Juice,Beverages,BrandD,Italy,2023,13480,89322.37,36.92,18.23,0.494,B,X,BX,6.429339477726574,76,313,314,8.5,15,0.041,LOW,2023-12-31
SKU0052,BrandD Yogurt,Dairy,BrandD,Italy,2023,16196,87458.4,44.4,15.17,0.342,B,X,BX,6.465616999487967,64,351,122,2.7,9,0.025,REORDER NOW,2023-12-31
SKU0059,BrandE Milk,Dairy,BrandE,Italy,2023,7112,87122.0,19.49,6.51,0.334,B,X,BX,6.564720942140297,28,156,252,12.9,9,0.025,HEALTHY,2023-12-31
SKU0090,BrandF Shampoo,Personal Care,BrandF,Italy,2023,5753,81174.83,15.77,5.9,0.374,B,X,BX,6.470622119815668,25,127,164,10.4,11,0.03,LOW,2023-12-31
SKU0012,BrandF Juice,Beverages,BrandF,Italy,2023,16862,80107.43,46.17,22.67,0.491,B,X,BX,6.495596518177163,95,395,250,5.4,11,0.03,REORDER NOW,2023-12-31
SKU0016,BrandD Water,Beverages,BrandD,Italy,2023,8925,79029.95,24.44,12.03,0.492,B,X,BX,6.566269841269841,51,212,163,6.7,15,0.041,REORDER NOW,2023-12-31
SKU0031,BrandA Chocolate,Snacks,BrandA,Italy,2023,12903,77930.75,35.36,16.86,0.477,B,X,BX,6.6349846390168965,72,307,396,11.2,10,0.027,LOW,2023-12-31
SKU0098,BrandB Toothpaste,Personal Care,BrandB,Italy,2023,13968,75424.42,38.31,16.77,0.438,B,X,BX,6.431509216589862,70,316,377,9.8,8,0.022,LOW,2023-12-31
SKU0095,BrandE Soap,Personal Care,BrandE,Italy,2023,8851,74525.42,24.25,7.96,0.328,B,X,BX,6.406861239119304,33,188,411,16.9,7,0.019,HEALTHY,2023-12-31
SKU0035,BrandE Chocolate,Snacks,BrandE,Italy,2023,35417,72250.68,97.08,32.01,0.33,B,X,BX,6.440277777777777,134,759,357,3.7,7,0.019,REORDER NOW,2023-12-31
SKU0011,BrandE Juice,Beverages,BrandE,Italy,2023,7906,70888.8,21.64,10.51,0.486,B,X,BX,6.473009472606247,44,184,265,12.2,15,0.041,LOW,2023-12-31
SKU0014,BrandB Water,Beverages,BrandB,Italy,2023,18651,70873.8,51.05,16.15,0.316,B,X,BX,6.33868407578085,67,391,337,6.6,9,0.025,REORDER NOW,2023-12-31
SKU0043,BrandA Nuts,Snacks,BrandA,Italy,2023,14138,70457.55,38.72,18.72,0.483,B,X,BX,6.686072708653353,80,339,208,5.4,11,0.03,REORDER NOW,2023-12-31
SKU0088,BrandD Shampoo,Personal Care,BrandD,Italy,2023,6805,68254.15,18.63,6.44,0.346,B,X,BX,6.5327508960573475,27,149,256,13.7,7,0.019,HEALTHY,2023-12-31
SKU0046,BrandD Nuts,Snacks,BrandD,Italy,2023,27173,68100.2,74.49,35.72,0.48,B,X,BX,6.570225294418843,151,640,357,4.8,11,0.03,REORDER NOW,2023-12-31
SKU0087,BrandC Shampoo,Personal Care,BrandC,Italy,2023,8162,66683.54,22.38,7.94,0.355,C,X,CX,6.567396313364056,26,173,215,9.6,15,0.041,LOW,2023-12-31
SKU0017,BrandE Water,Beverages,BrandE,Italy,2023,36731,65843.89,100.49,47.03,0.468,C,X,CX,6.464752944188429,153,803,444,4.4,16,0.044,REORDER NOW,2023-12-31
SKU0025,BrandA Chips,Snacks,BrandA,Italy,2023,7588,65636.2,20.8,7.06,0.339,C,X,CX,6.435029441884281,23,157,331,15.9,11,0.03,HEALTHY,2023-12-31
SKU0096,BrandF Soap,Personal Care,BrandF,Italy,2023,27728,63774.4,75.99,25.14,0.331,C,X,CX,6.665533794162826,83,589,277,3.6,9,0.025,REORDER NOW,2023-12-31
SKU0063,BrandC Cheese,Dairy,BrandC,Italy,2023,16057,62957.94,44.03,20.4,0.463,C,X,CX,6.376830517153098,66,347,262,6.0,16,0.044,REORDER NOW,2023-12-31
SKU0066,BrandF Cheese,Dairy,BrandF,Italy,2023,9768,62633.86,26.76,12.37,0.462,C,X,CX,6.6697836661546335,41,219,301,11.2,8,0.022,LOW,2023-12-31
SKU0083,BrandE Cleaner,Home Care,BrandE,Italy,2023,25719,58124.94,70.49,23.48,0.333,C,X,CX,6.441519457245263,76,530,279,4.0,7,0.019,REORDER NOW,2023-12-31
SKU0077,BrandE Softener,Home Care,BrandE,Italy,2023,18601,53064.84,50.94,23.45,0.46,C,X,CX,6.393497183819765,76,402,139,2.7,11,0.03,REORDER NOW,2023-12-31
SKU0004,BrandD Soda,Beverages,BrandD,Italy,2023,29202,52855.62,79.94,26.67,0.334,C,X,CX,6.613575268817204,88,617,314,3.9,12,0.033,REORDER NOW,2023-12-31
SKU0039,BrandC Biscuits,Snacks,BrandC,Italy,2023,4139,48840.2,11.34,4.35,0.384,C,X,CX,6.597894265232974,14,89,241,21.3,17,0.047,HEALTHY,2023-12-31
SKU0021,BrandC Energy drink,Beverages,BrandC,Italy,2023,17656,47847.76,48.35,17.6,0.364,C,X,CX,6.294585253456222,57,361,369,7.6,12,0.033,LOW,2023-12-31
SKU0022,BrandD Energy drink,Beverages,BrandD,Italy,2023,30943,45795.64,84.71,28.93,0.341,C,X,CX,6.407469278033794,94,637,361,4.3,7,0.019,REORDER NOW,2023-12-31
SKU0006,BrandF Soda,Beverages,BrandF,Italy,2023,37146,45710.87,101.66,46.36,0.456,C,X,CX,6.61594982078853,153,826,271,2.7,14,0.038,REORDER NOW,2023-12-31
SKU0101,BrandE Toothpaste,Personal Care,BrandE,Italy,2023,4792,45083.87,13.14,6.22,0.473,C,X,CX,6.44781746031746,20,105,362,27.5,16,0.044,HEALTHY,2023-12-31
SKU0084,BrandF Cleaner,Home Care,BrandF,Italy,2023,7219,39632.31,19.79,6.94,0.351,C,X,CX,6.451849718381976,23,151,136,6.9,9,0.025,REORDER NOW,2023-12-31
SKU0085,BrandA Shampoo,Personal Care,BrandA,Italy,2023,26371,39194.03,72.17,31.45,0.436,C,X,CX,6.438997695852534,102,567,295,4.1,6,0.016,REORDER NOW,2023-12-31
SKU0056,BrandB Milk,Dairy,BrandB,Italy,2023,7569,36106.15,20.72,9.04,0.437,C,X,CX,6.511149513568868,30,165,281,13.6,7,0.019,HEALTHY,2023-12-31
SKU0040,BrandD Biscuits,Snacks,BrandD,Italy,2023,6238,35729.31,17.08,7.52,0.44,C,X,CX,6.512307987711213,25,136,335,19.6,7,0.019,HEALTHY,2023-12-31
SKU0015,BrandC Water,Beverages,BrandC,Italy,2023,3542,32905.18,9.7,3.13,0.323,C,X,CX,6.51173835125448,10,73,179,18.5,9,0.025,HEALTHY,2023-12-31
SKU0091,BrandA Soap,Personal Care,BrandA,Italy,2023,5807,31516.26,15.89,7.27,0.458,C,X,CX,6.702752176139273,24,131,153,9.6,14,0.038,LOW,2023-12-31
SKU0067,BrandA Detergent,Home Care,BrandA,Italy,2023,11445,30672.6,31.38,10.48,0.334,C,X,CX,6.616698668714798,35,243,186,5.9,13,0.036,REORDER NOW,2023-12-31
SKU0019,BrandA Energy drink,Beverages,BrandA,Italy,2023,6060,29980.66,16.61,7.95,0.479,C,X,CX,6.465700204813108,26,133,304,18.3,15,0.041,HEALTHY,2023-12-31
SKU0051,BrandC Yogurt,Dairy,BrandC,Italy,2023,19645,28288.8,53.86,18.44,0.342,C,X,CX,6.567229902713773,60,414,165,3.1,11,0.03,REORDER NOW,2023-12-31
SKU0037,BrandA Biscuits,Snacks,BrandA,Italy,2023,25927,28001.16,70.98,23.24,0.327,C,X,CX,6.72594726062468,77,554,304,4.3,9,0.025,REORDER NOW,2023-12-31
SKU0062,BrandB Cheese,Dairy,BrandB,Italy,2023,5012,27315.4,13.74,4.57,0.333,C,X,CX,6.4624807987711215,15,104,238,17.3,6,0.016,HEALTHY,2023-12-31
SKU0008,BrandB Juice,Beverages,BrandB,Italy,2023,7639,27118.45,20.92,7.46,0.357,C,X,CX,6.635042242703533,25,164,269,12.9,19,0.052,HEALTHY,2023-12-31
SKU0086,BrandB Shampoo,Personal Care,BrandB,Italy,2023,2674,26648.23,7.32,3.33,0.455,C,X,CX,6.516109831029186,11,59,309,42.2,13,0.036,OVERSTOCK,2023-12-31
SKU0029,BrandE Chips,Snacks,BrandE,Italy,2023,10800,22777.08,29.57,13.37,0.452,C,X,CX,6.42034690220174,43,233,276,9.3,11,0.03,LOW,2023-12-31
SKU0003,BrandC Soda,Beverages,BrandC,Italy,2023,6998,22253.64,19.16,6.89,0.36,C,X,CX,6.483954173067076,22,146,206,10.8,13,0.036,LOW,2023-12-31
SKU0042,BrandF Biscuits,Snacks,BrandF,Italy,2023,3805,21422.15,10.42,3.53,0.339,C,X,CX,6.352156938044035,11,77,176,16.9,14,0.038,HEALTHY,2023-12-31
SKU0065,BrandE Cheese,Dairy,BrandE,Italy,2023,18573,19359.96,50.89,23.26,0.457,C,X,CX,6.712512800819252,77,419,112,2.2,11,0.03,REORDER NOW,2023-12-31
SKU0030,BrandF Chips,Snacks,BrandF,Italy,2023,11630,18956.9,31.86,11.08,0.348,C,X,CX,6.385778289810548,36,239,283,8.9,10,0.027,LOW,2023-12-31
SKU0075,BrandC Softener,Home Care,BrandC,Italy,2023,10020,17234.4,27.43,9.47,0.345,C,X,CX,6.570430107526882,31,211,358,13.1,9,0.025,HEALTHY,2023-12-31
SKU0055,BrandA Milk,Dairy,BrandA,Italy,2023,3931,16510.2,10.77,3.98,0.369,C,X,CX,6.545807731694828,13,84,412,38.2,13,0.036,OVERSTOCK,2023-12-31
SKU0073,BrandA Softener,Home Care,BrandA,Italy,2023,2952,14730.48,8.09,2.64,0.326,C,X,CX,6.529960317460318,9,62,353,43.6,8,0.022,OVERSTOCK,2023-12-31
SKU0050,BrandB Yogurt,Dairy,BrandB,Italy,2023,5055,6874.8,13.85,4.74,0.342,C,X,CX,6.689036098310292,16,109,357,25.8,13,0.036,HEALTHY,2023-12-31
SKU0027,BrandC Chips,Snacks,BrandC,Poland,2023,45947,610574.6,125.93,56.72,0.45,A,X,AX,6.2752688172043,331,1121,346,2.7,8,0.022,REORDER NOW,2023-12-31
SKU0018,BrandF Water,Beverages,BrandF,Poland,2023,38156,554025.12,104.44,33.62,0.322,A,X,AX,6.556995647721454,201,886,194,1.9,11,0.03,REORDER NOW,2023-12-31
SKU0026,BrandB Chips,Snacks,BrandB,Poland,2023,34654,504908.78,94.92,32.87,0.346,A,X,AX,6.494623655913979,195,811,377,4.0,7,0.019,REORDER NOW,2023-12-31
SKU0057,BrandC Milk,Dairy,BrandC,Poland,2023,34437,482806.74,94.41,32.25,0.342,A,X,AX,6.421185355862775,190,796,328,3.5,10,0.027,REORDER NOW,2023-12-31
SKU0064,BrandD Cheese,Dairy,BrandD,Poland,2023,36840,458658.0,100.91,34.94,0.346,A,X,AX,6.533218125960062,208,867,335,3.3,11,0.03,REORDER NOW,2023-12-31
SKU0100,BrandD Toothpaste,Personal Care,BrandD,Poland,2023,33248,446188.16,91.17,35.34,0.388,A,X,AX,6.373867127496159,208,789,203,2.2,12,0.033,REORDER NOW,2023-12-31
SKU0041,BrandE Biscuits,Snacks,BrandE,Poland,2023,32089,399817.66,87.85,36.39,0.414,A,X,AX,6.558550947260625,217,793,199,2.3,10,0.027,REORDER NOW,2023-12-31
SKU0028,BrandD Chips,Snacks,BrandD,Poland,2023,41621,389988.77,114.05,40.16,0.352,A,X,AX,6.521492575524834,239,983,269,2.4,12,0.033,REORDER NOW,2023-12-31
SKU0079,BrandA Cleaner,Home Care,BrandA,Poland,2023,38191,370724.02,104.72,50.0,0.478,A,X,AX,6.487243983614952,297,976,176,1.7,13,0.036,REORDER NOW,2023-12-31
SKU0058,BrandD Milk,Dairy,BrandD,Poland,2023,37043,365614.41,101.44,34.93,0.344,A,X,AX,6.445545314900154,207,861,434,4.3,6,0.016,REORDER NOW,2023-12-31
SKU0038,BrandB Biscuits,Snacks,BrandB,Poland,2023,33234,362250.6,91.07,28.96,0.318,A,X,AX,6.71713389656938,175,787,382,4.2,5,0.014,REORDER NOW,2023-12-31
SKU0005,BrandE Soda,Beverages,BrandE,Poland,2023,40892,360630.54,111.86,52.27,0.467,A,X,AX,6.469310035842294,310,1034,426,3.8,8,0.022,REORDER NOW,2023-12-31
SKU0045,BrandC Nuts,Snacks,BrandC,Poland,2023,27211,339184.46,74.56,36.66,0.492,A,X,AX,6.520193292370712,218,704,386,5.2,10,0.027,REORDER NOW,2023-12-31
SKU0060,BrandF Milk,Dairy,BrandF,Poland,2023,24745,334057.5,67.79,22.51,0.332,A,X,AX,6.575428827444957,134,580,445,6.6,8,0.022,REORDER NOW,2023-12-31
SKU0002,BrandB Soda,Beverages,BrandB,Poland,2023,29060,326925.0,79.63,27.34,0.343,A,X,AX,6.444374039938556,162,675,210,2.6,12,0.033,REORDER NOW,2023-12-31
SKU0001,BrandA Soda,Beverages,BrandA,Poland,2023,54143,315392.43,148.32,72.99,0.492,A,X,AX,6.764624935995904,442,1445,91,0.6,12,0.033,REORDER NOW,2023-12-31
SKU0094,BrandD Soap,Personal Care,BrandD,Poland,2023,25276,314433.44,69.22,23.22,0.335,A,X,AX,6.573169482846903,139,594,324,4.7,13,0.036,REORDER NOW,2023-12-31
SKU0013,BrandA Water,Beverages,BrandA,Poland,2023,45391,309702.74,124.33,62.82,0.505,A,Y,AY,6.414874551971327,371,1169,200,1.6,14,0.038,REORDER NOW,2023-12-31
SKU0048,BrandF Nuts,Snacks,BrandF,Poland,2023,27099,302437.06,74.25,32.32,0.435,A,X,AX,6.569118023553507,193,681,315,4.2,5,0.014,REORDER NOW,2023-12-31
SKU0070,BrandD Detergent,Home Care,BrandD,Poland,2023,40581,247138.29,111.14,38.21,0.344,A,X,AX,6.440245775729647,226,942,276,2.5,11,0.03,REORDER NOW,2023-12-31
SKU0068,BrandB Detergent,Home Care,BrandB,Poland,2023,18127,242461.45,49.66,23.15,0.466,A,X,AX,6.544892473118279,138,463,219,4.4,9,0.025,REORDER NOW,2023-12-31
SKU0054,BrandF Yogurt,Dairy,BrandF,Poland,2023,37662,240194.35,103.2,49.05,0.475,A,X,AX,6.47087173579109,291,959,220,2.1,15,0.041,REORDER NOW,2023-12-31
SKU0082,BrandD Cleaner,Home Care,BrandD,Poland,2023,24075,237620.25,65.95,22.22,0.337,A,X,AX,6.558429339477726,133,566,291,4.4,13,0.036,REORDER NOW,2023-12-31
SKU0020,BrandB Energy drink,Beverages,BrandB,Poland,2023,22124,234071.92,60.57,23.32,0.385,A,X,AX,6.563767281105991,139,537,285,4.7,18,0.049,REORDER NOW,2023-12-31
SKU0074,BrandB Softener,Home Care,BrandB,Poland,2023,25291,225922.42,69.33,33.27,0.48,A,X,AX,6.619098822324628,199,658,327,4.7,11,0.03,REORDER NOW,2023-12-31
SKU0089,BrandE Shampoo,Personal Care,BrandE,Poland,2023,18369,195997.23,50.3,17.24,0.343,A,X,AX,6.633192524321557,103,437,324,6.4,9,0.025,REORDER NOW,2023-12-31
SKU0071,BrandE Detergent,Home Care,BrandE,Poland,2023,12554,181656.38,34.38,11.53,0.335,A,X,AX,6.565725806451613,69,295,356,10.4,7,0.019,LOW,2023-12-31
SKU0053,BrandE Yogurt,Dairy,BrandE,Poland,2023,13005,178298.55,35.64,11.43,0.321,A,X,AX,6.611136712749616,68,304,310,8.7,8,0.022,LOW,2023-12-31
SKU0081,BrandC Cleaner,Home Care,BrandC,Poland,2023,27940,171831.0,76.58,25.3,0.33,A,X,AX,6.5961533538146435,151,656,335,4.4,7,0.019,REORDER NOW,2023-12-31
SKU0023,BrandE Energy drink,Beverages,BrandE,Poland,2023,38823,167737.23,106.23,51.61,0.486,A,X,AX,6.499199948796723,307,997,303,2.9,8,0.022,REORDER NOW,2023-12-31
SKU0076,BrandD Softener,Home Care,BrandD,Poland,2023,11969,164214.68,32.8,11.31,0.345,B,X,BX,6.318753200204814,47,254,334,10.2,11,0.03,LOW,2023-12-31
SKU0007,BrandA Juice,Beverages,BrandA,Poland,2023,12794,161844.1,35.03,11.66,0.333,B,X,BX,6.538050435227855,49,278,299,8.5,8,0.022,LOW,2023-12-31
SKU0036,BrandF Chocolate,Snacks,BrandF,Poland,2023,14418,159688.33,39.54,19.83,0.502,B,Y,BY,6.498003072196621,83,340,258,6.5,11,0.03,REORDER NOW,2023-12-31
SKU0049,BrandA Yogurt,Dairy,BrandA,Poland,2023,19142,159261.44,52.4,19.92,0.38,B,X,BX,6.608077316948285,84,430,304,5.8,17,0.047,REORDER NOW,2023-12-31
SKU0080,BrandB Cleaner,Home Care,BrandB,Poland,2023,36661,149100.74,100.55,44.38,0.441,B,X,BX,6.494156426011265,187,840,334,3.3,11,0.03,REORDER NOW,2023-12-31
SKU0009,BrandC Juice,Beverages,BrandC,Poland,2023,27152,142819.52,74.35,25.68,0.345,B,X,BX,6.6373783922171015,109,602,238,3.2,12,0.033,REORDER NOW,2023-12-31
SKU0033,BrandC Chocolate,Snacks,BrandC,Poland,2023,28242,139233.06,77.43,25.62,0.331,B,X,BX,6.553897849462365,108,615,368,4.8,8,0.022,REORDER NOW,2023-12-31
SKU0102,BrandF Toothpaste,Personal Care,BrandF,Poland,2023,43674,134505.64,119.59,53.53,0.448,B,X,BX,6.554377880184332,226,1010,203,1.7,9,0.025,REORDER NOW,2023-12-31
SKU0010,BrandD Juice,Beverages,BrandD,Poland,2023,19082,125647.12,52.25,25.63,0.491,B,X,BX,6.6013824884792625,109,454,329,6.3,12,0.033,REORDER NOW,2023-12-31
SKU0034,BrandD Chocolate,Snacks,BrandD,Poland,2023,44244,123529.61,121.43,55.74,0.459,B,X,BX,6.437871223758321,233,1015,186,1.5,9,0.025,REORDER NOW,2023-12-31
SKU0052,BrandD Yogurt,Dairy,BrandD,Poland,2023,22766,122936.4,62.32,20.85,0.335,B,X,BX,6.373060675883257,87,484,274,4.4,8,0.022,REORDER NOW,2023-12-31
SKU0072,BrandF Detergent,Home Care,BrandF,Poland,2023,14326,114034.96,39.27,13.35,0.34,B,X,BX,6.3860151049667175,56,307,279,7.1,15,0.041,REORDER NOW,2023-12-31
SKU0016,BrandD Water,Beverages,BrandD,Poland,2023,12468,110933.17,34.15,15.8,0.463,B,X,BX,6.664599334357399,67,295,334,9.8,7,0.019,LOW,2023-12-31
SKU0031,BrandA Chocolate,Snacks,BrandA,Poland,2023,18301,110645.99,50.18,22.57,0.45,B,X,BX,6.379019457245263,94,414,216,4.3,8,0.022,REORDER NOW,2023-12-31
SKU0012,BrandF Juice,Beverages,BrandF,Poland,2023,23007,109656.16,63.0,27.72,0.44,B,X,BX,6.39492447516641,116,519,242,3.8,7,0.019,REORDER NOW,2023-12-31
SKU0098,BrandB Toothpaste,Personal Care,BrandB,Poland,2023,19347,104787.39,53.05,24.14,0.455,B,X,BX,6.552988991295443,102,450,428,8.1,9,0.025,REORDER NOW,2023-12-31
SKU0035,BrandE Chocolate,Snacks,BrandE,Poland,2023,50913,103862.52,139.57,46.63,0.334,B,X,BX,6.311431131592421,193,1074,312,2.2,10,0.027,REORDER NOW,2023-12-31
SKU0095,BrandE Soap,Personal Care,BrandE,Poland,2023,12227,102951.34,33.48,11.27,0.337,B,X,BX,6.580222734254992,48,268,262,7.8,7,0.019,REORDER NOW,2023-12-31
SKU0014,BrandB Water,Beverages,BrandB,Poland,2023,25913,98469.4,70.94,25.28,0.356,B,X,BX,6.6016769073220685,107,575,294,4.1,18,0.049,REORDER NOW,2023-12-31
SKU0088,BrandD Shampoo,Personal Care,BrandD,Poland,2023,9609,96378.27,26.31,9.15,0.348,B,X,BX,6.611341525857655,39,213,404,15.4,12,0.033,HEALTHY,2023-12-31
SKU0011,BrandE Juice,Beverages,BrandE,Poland,2023,10740,96222.03,29.4,13.9,0.473,B,X,BX,6.643631592421915,59,254,358,12.2,9,0.025,LOW,2023-12-31
SKU0087,BrandC Shampoo,Personal Care,BrandC,Poland,2023,11656,95229.52,31.95,11.14,0.349,B,X,BX,6.424596774193549,47,252,284,8.9,11,0.03,LOW,2023-12-31
SKU0043,BrandA Nuts,Snacks,BrandA,Poland,2023,19015,95143.25,52.05,25.34,0.487,B,X,BX,6.359722222222222,105,436,392,7.5,15,0.041,REORDER NOW,2023-12-31
SKU0063,BrandC Cheese,Dairy,BrandC,Poland,2023,23369,91322.54,64.06,30.52,0.476,C,X,CX,6.404083461341526,99,509,210,3.3,8,0.022,REORDER NOW,2023-12-31
SKU0096,BrandF Soap,Personal Care,BrandF,Poland,2023,39076,89874.8,107.03,36.79,0.344,C,X,CX,6.614880952380953,121,829,241,2.3,11,0.03,REORDER NOW,2023-12-31
SKU0066,BrandF Cheese,Dairy,BrandF,Poland,2023,13326,85598.14,36.46,16.82,0.461,C,X,CX,6.545154889912954,55,294,267,7.3,13,0.036,REORDER NOW,2023-12-31
SKU0083,BrandE Cleaner,Home Care,BrandE,Poland,2023,33956,76740.56,92.91,34.54,0.372,C,X,CX,6.479480286738351,113,715,314,3.4,17,0.047,REORDER NOW,2023-12-31
SKU0004,BrandD Soda,Beverages,BrandD,Poland,2023,41303,74758.43,113.03,38.96,0.345,C,X,CX,6.521441372247824,127,864,212,1.9,12,0.033,REORDER NOW,2023-12-31
SKU0077,BrandE Softener,Home Care,BrandE,Poland,2023,24806,70908.52,68.0,30.68,0.451,C,X,CX,6.599615975422427,101,550,298,4.4,16,0.044,REORDER NOW,2023-12-31
SKU0039,BrandC Biscuits,Snacks,BrandC,Poland,2023,5905,69679.0,16.17,5.83,0.361,C,X,CX,6.771460573476702,19,128,277,17.1,8,0.022,HEALTHY,2023-12-31
SKU0021,BrandC Energy drink,Beverages,BrandC,Poland,2023,24732,67023.72,67.69,23.58,0.348,C,X,CX,6.57007808499744,77,522,274,4.0,12,0.033,REORDER NOW,2023-12-31
SKU0006,BrandF Soda,Beverages,BrandF,Poland,2023,53213,65367.84,145.76,67.84,0.465,C,X,CX,6.411949564772146,220,1155,397,2.7,14,0.038,REORDER NOW,2023-12-31
SKU0101,BrandE Toothpaste,Personal Care,BrandE,Poland,2023,6985,65360.55,19.14,9.47,0.495,C,X,CX,6.66728750640041,31,159,259,13.5,10,0.027,HEALTHY,2023-12-31
SKU0022,BrandD Energy drink,Beverages,BrandD,Poland,2023,42972,63598.56,117.71,42.22,0.359,C,X,CX,6.255881976446492,135,871,332,2.8,18,0.049,REORDER NOW,2023-12-31
SKU0084,BrandF Cleaner,Home Care,BrandF,Poland,2023,9844,54043.56,26.95,9.18,0.341,C,X,CX,6.6568484383000515,30,209,292,10.8,11,0.03,LOW,2023-12-31
SKU0040,BrandD Biscuits,Snacks,BrandD,Poland,2023,8711,49713.15,23.85,10.69,0.448,C,X,CX,6.675934459805428,35,194,251,10.5,6,0.016,LOW,2023-12-31
SKU0056,BrandB Milk,Dairy,BrandB,Poland,2023,10172,48718.42,27.85,11.95,0.429,C,X,CX,6.475403225806452,39,219,247,8.9,14,0.038,LOW,2023-12-31
SKU0015,BrandC Water,Beverages,BrandC,Poland,2023,5000,46450.0,13.68,4.9,0.358,C,X,CX,6.393862007168458,16,103,386,28.2,9,0.025,HEALTHY,2023-12-31
SKU0085,BrandA Shampoo,Personal Care,BrandA,Poland,2023,30607,45403.3,83.85,35.65,0.425,C,X,CX,6.621306963645673,117,672,387,4.6,10,0.027,REORDER NOW,2023-12-31
SKU0091,BrandA Soap,Personal Care,BrandA,Poland,2023,8369,45262.73,22.93,11.49,0.501,C,Y,CY,6.404665898617512,37,184,287,12.5,17,0.047,HEALTHY,2023-12-31
SKU0019,BrandA Energy drink,Beverages,BrandA,Poland,2023,8675,42863.46,23.75,10.73,0.452,C,X,CX,6.579934715821813,35,191,211,8.9,12,0.033,LOW,2023-12-31
SKU0067,BrandA Detergent,Home Care,BrandA,Poland,2023,15876,42547.68,43.5,15.77,0.362,C,X,CX,6.642191500256016,52,341,323,7.4,13,0.036,REORDER NOW,2023-12-31
SKU0051,BrandC Yogurt,Dairy,BrandC,Poland,2023,27664,39836.16,75.79,25.24,0.333,C,X,CX,6.374827188940092,82,565,298,3.9,9,0.025,REORDER NOW,2023-12-31
SKU0086,BrandB Shampoo,Personal Care,BrandB,Poland,2023,3875,38528.21,10.61,4.75,0.448,C,X,CX,6.6124935995903735,16,86,426,40.2,7,0.019,OVERSTOCK,2023-12-31
SKU0062,BrandB Cheese,Dairy,BrandB,Poland,2023,7011,38209.95,19.22,6.61,0.344,C,X,CX,6.553008192524321,22,148,275,14.3,7,0.019,HEALTHY,2023-12-31
SKU0003,BrandC Soda,Beverages,BrandC,Poland,2023,9961,31675.98,27.26,9.62,0.353,C,X,CX,6.541890681003584,31,209,272,10.0,8,0.022,LOW,2023-12-31
SKU0075,BrandC Softener,Home Care,BrandC,Poland,2023,13940,23976.8,38.18,13.52,0.354,C,X,CX,6.48560547875064,44,292,349,9.1,10,0.027,LOW,2023-12-31
SKU0055,BrandA Milk,Dairy,BrandA,Poland,2023,5660,23772.0,15.51,5.43,0.35,C,X,CX,6.508454941116232,18,119,113,7.3,9,0.025,REORDER NOW,2023-12-31
SKU0073,BrandA Softener,Home Care,BrandA,Poland,2023,4066,20289.34,11.15,4.13,0.37,C,X,CX,6.287301587301587,13,83,318,28.5,12,0.033,HEALTHY,2023-12-31
SKU0050,BrandB Yogurt,Dairy,BrandB,Poland,2023,6857,9325.52,18.79,6.27,0.333,C,X,CX,6.447350230414746,20,141,76,4.0,12,0.033,REORDER NOW,2023-12-31
SKU0027,BrandC Chips,Snacks,BrandC,Spain,2023,33250,443093.8,91.09,39.15,0.43,A,X,AX,6.458166922683052,232,820,397,4.4,11,0.03,REORDER NOW,2023-12-31
SKU0092,BrandB Soap,Personal Care,BrandB,Spain,2023,30849,430343.55,84.55,30.26,0.358,A,X,AX,6.573585509472607,181,737,393,4.6,16,0.044,REORDER NOW,2023-12-31
SKU0057,BrandC Milk,Dairy,BrandC,Spain,2023,30436,426712.72,83.38,27.51,0.33,A,X,AX,6.5567332309267785,164,711,358,4.3,11,0.03,REORDER NOW,2023-12-31
SKU0018,BrandF Water,Beverages,BrandF,Spain,2023,27660,401623.2,75.67,25.96,0.343,A,X,AX,6.707808499743983,157,665,300,4.0,11,0.03,REORDER NOW,2023-12-31
SKU0064,BrandD Cheese,Dairy,BrandD,Spain,2023,31862,396681.9,87.33,28.17,0.323,A,X,AX,6.455875576036867,167,731,336,3.8,4,0.011,REORDER NOW,2023-12-31
SKU0026,BrandB Chips,Snacks,BrandB,Spain,2023,24972,363842.04,68.41,22.56,0.33,A,X,AX,6.587435995903738,135,586,283,4.1,7,0.019,REORDER NOW,2023-12-31
SKU0041,BrandE Biscuits,Snacks,BrandE,Spain,2023,27981,347463.65,76.64,34.54,0.451,A,X,AX,6.41244879672299,204,695,137,1.8,10,0.027,REORDER NOW,2023-12-31
SKU0099,BrandC Toothpaste,Personal Care,BrandC,Spain,2023,32430,340132.23,88.84,40.98,0.461,A,X,AX,6.353827444956477,241,805,268,3.0,6,0.016,REORDER NOW,2023-12-31
SKU0061,BrandA Cheese,Dairy,BrandA,Spain,2023,26579,326921.7,72.83,25.86,0.355,A,X,AX,6.642562724014336,155,639,354,4.9,13,0.036,REORDER NOW,2023-12-31
SKU0100,BrandD Toothpaste,Personal Care,BrandD,Spain,2023,24059,322871.78,65.86,22.09,0.335,A,X,AX,6.319425243215566,129,545,297,4.5,9,0.025,REORDER NOW,2023-12-31
SKU0005,BrandE Soda,Beverages,BrandE,Spain,2023,35373,310682.43,96.73,45.18,0.467,A,X,AX,6.601958525345623,270,909,274,2.8,14,0.038,REORDER NOW,2023-12-31
SKU0028,BrandD Chips,Snacks,BrandD,Spain,2023,29981,280921.97,82.12,27.87,0.339,A,X,AX,6.62581285202253,167,711,310,3.8,10,0.027,REORDER NOW,2023-12-31
SKU0058,BrandD Milk,Dairy,BrandD,Spain,2023,27277,269223.99,74.7,24.48,0.328,A,X,AX,6.585163850486431,146,638,286,3.8,10,0.027,REORDER NOW,2023-12-31
SKU0097,BrandA Toothpaste,Personal Care,BrandA,Spain,2023,19357,263448.77,53.08,19.39,0.365,A,X,AX,6.5505632360471076,116,464,442,8.3,11,0.03,REORDER NOW,2023-12-31
SKU0079,BrandA Cleaner,Home Care,BrandA,Spain,2023,27034,262237.78,74.11,36.14,0.488,A,X,AX,6.270622119815669,211,676,345,4.7,19,0.052,REORDER NOW,2023-12-31
SKU0038,BrandB Biscuits,Snacks,BrandB,Spain,2023,22904,249653.6,62.68,22.86,0.365,A,X,AX,6.411591141833077,135,537,200,3.2,9,0.025,REORDER NOW,2023-12-31
SKU0045,BrandC Nuts,Snacks,BrandC,Spain,2023,19081,239373.89,52.27,24.54,0.47,A,X,AX,6.52674091141833,146,487,240,4.6,12,0.033,REORDER NOW,2023-12-31
SKU0060,BrandF Milk,Dairy,BrandF,Spain,2023,17585,237397.5,48.19,15.87,0.329,A,X,AX,6.516001024065541,94,408,303,6.3,8,0.022,REORDER NOW,2023-12-31
SKU0002,BrandB Soda,Beverages,BrandB,Spain,2023,21074,237082.5,57.66,19.54,0.339,A,X,AX,6.605337941628264,117,498,223,3.9,6,0.016,REORDER NOW,2023-12-31
SKU0044,BrandB Nuts,Snacks,BrandB,Spain,2023,21104,236575.84,57.77,19.72,0.341,A,X,AX,6.445090885816692,117,489,320,5.5,10,0.027,REORDER NOW,2023-12-31
SKU0069,BrandC Detergent,Home Care,BrandC,Spain,2023,30360,233826.53,83.19,36.73,0.442,A,X,AX,6.53689196108551,219,763,161,1.9,11,0.03,REORDER NOW,2023-12-31
SKU0001,BrandA Soda,Beverages,BrandA,Spain,2023,38675,225593.51,105.96,49.12,0.464,A,X,AX,6.4984767025089605,292,981,88,0.8,7,0.019,REORDER NOW,2023-12-31
SKU0013,BrandA Water,Beverages,BrandA,Spain,2023,32965,225002.22,90.21,42.52,0.471,A,X,AX,6.626363287250384,255,853,288,3.2,10,0.027,REORDER NOW,2023-12-31
SKU0048,BrandF Nuts,Snacks,BrandF,Spain,2023,19760,219856.37,54.11,23.66,0.437,A,X,AX,6.535906298003073,141,495,418,7.7,7,0.019,REORDER NOW,2023-12-31
SKU0094,BrandD Soap,Personal Care,BrandD,Spain,2023,17356,215908.64,47.54,16.59,0.349,A,X,AX,6.5564836149513575,99,411,308,6.5,15,0.041,REORDER NOW,2023-12-31
SKU0047,BrandE Nuts,Snacks,BrandE,Spain,2023,18520,215758.0,50.74,17.91,0.353,A,X,AX,6.578853046594983,107,441,422,8.3,11,0.03,REORDER NOW,2023-12-31
SKU0070,BrandD Detergent,Home Care,BrandD,Spain,2023,34225,208430.25,93.78,34.99,0.373,A,X,AX,6.398271889400921,206,806,323,3.4,15,0.041,REORDER NOW,2023-12-31
SKU0054,BrandF Yogurt,Dairy,BrandF,Spain,2023,32411,207292.8,88.8,35.82,0.403,A,X,AX,6.466596262160778,212,786,268,3.0,7,0.019,REORDER NOW,2023-12-31
SKU0032,BrandB Chocolate,Snacks,BrandB,Spain,2023,16119,192516.03,44.15,19.05,0.432,A,X,AX,6.546671786994367,114,403,292,6.6,7,0.019,REORDER NOW,2023-12-31
SKU0068,BrandB Detergent,Home Care,BrandB,Spain,2023,13064,174959.62,35.81,15.4,0.43,A,X,AX,6.30952380952381,90,316,248,6.9,6,0.016,REORDER NOW,2023-12-31
SKU0082,BrandD Cleaner,Home Care,BrandD,Spain,2023,17493,172655.91,47.91,15.84,0.331,A,X,AX,6.232130056323605,92,391,218,4.6,8,0.022,REORDER NOW,2023-12-31
SKU0020,BrandB Energy drink,Beverages,BrandB,Spain,2023,15991,169184.78,43.77,15.04,0.344,A,X,AX,6.473342293906811,89,372,405,9.3,13,0.036,LOW,2023-12-31
SKU0074,BrandB Softener,Home Care,BrandB,Spain,2023,18815,168019.58,51.52,22.74,0.441,A,X,AX,6.2989439324116745,133,457,338,6.6,10,0.027,REORDER NOW,2023-12-31
SKU0071,BrandE Detergent,Home Care,BrandE,Spain,2023,10533,152412.51,28.85,11.0,0.381,A,X,AX,6.509312596006144,65,253,116,4.0,15,0.041,REORDER NOW,2023-12-31
SKU0007,BrandA Juice,Beverages,BrandA,Spain,2023,10993,139061.45,30.1,9.31,0.309,A,X,AX,6.480318740399386,55,250,290,9.6,5,0.014,LOW,2023-12-31
SKU0089,BrandE Shampoo,Personal Care,BrandE,Spain,2023,12785,136415.95,35.03,12.19,0.348,A,X,AX,6.617601126472095,73,305,170,4.9,9,0.025,REORDER NOW,2023-12-31
SKU0078,BrandF Softener,Home Care,BrandF,Spain,2023,8536,126332.8,23.38,8.3,0.355,B,X,BX,6.425934459805428,35,185,474,20.3,14,0.038,HEALTHY,2023-12-31
SKU0033,BrandC Chocolate,Snacks,BrandC,Spain,2023,24971,123107.03,68.43,21.28,0.311,B,X,BX,6.414893753200205,89,528,423,6.2,3,0.008,REORDER NOW,2023-12-31
SKU0053,BrandE Yogurt,Dairy,BrandE,Spain,2023,8710,119414.1,23.83,9.3,0.39,B,X,BX,6.8138120839733745,40,202,432,18.1,17,0.047,HEALTHY,2023-12-31
SKU0076,BrandD Softener,Home Care,BrandD,Spain,2023,8594,117909.68,23.55,8.37,0.355,B,X,BX,6.643887608806963,36,192,351,14.9,9,0.025,HEALTHY,2023-12-31
SKU0049,BrandA Yogurt,Dairy,BrandA,Spain,2023,14121,117486.72,38.66,13.03,0.337,B,X,BX,6.263370455709166,54,296,336,8.7,13,0.036,LOW,2023-12-31
SKU0081,BrandC Cleaner,Home Care,BrandC,Spain,2023,18993,116806.95,52.04,19.29,0.371,B,X,BX,6.523137480798771,81,420,119,2.3,14,0.038,REORDER NOW,2023-12-31
SKU0023,BrandE Energy drink,Beverages,BrandE,Spain,2023,26873,116239.24,73.57,33.7,0.458,B,X,BX,6.584082181259601,143,627,353,4.8,8,0.022,REORDER NOW,2023-12-31
SKU0036,BrandF Chocolate,Snacks,BrandF,Spain,2023,10392,115785.89,28.49,13.17,0.462,B,X,BX,6.500704045058884,55,240,310,10.9,11,0.03,LOW,2023-12-31
SKU0080,BrandB Cleaner,Home Care,BrandB,Spain,2023,26315,106935.65,72.15,33.26,0.461,B,X,BX,6.469508448540707,140,607,306,4.2,10,0.027,REORDER NOW,2023-12-31
SKU0052,BrandD Yogurt,Dairy,BrandD,Spain,2023,19283,104128.2,52.84,16.68,0.316,B,X,BX,6.411168714797747,70,409,279,5.3,6,0.016,REORDER NOW,2023-12-31
SKU0010,BrandD Juice,Beverages,BrandD,Spain,2023,15706,104087.9,43.03,20.41,0.474,B,X,BX,6.4048771121351775,85,361,289,6.7,14,0.038,REORDER NOW,2023-12-31
SKU0009,BrandC Juice,Beverages,BrandC,Spain,2023,19270,101360.2,52.7,18.31,0.347,B,X,BX,6.484690220174091,77,419,298,5.7,8,0.022,REORDER NOW,2023-12-31
SKU0024,BrandF Energy drink,Beverages,BrandF,Spain,2023,18871,101148.56,51.7,17.75,0.343,B,X,BX,6.3658538146441375,74,403,218,4.2,7,0.019,REORDER NOW,2023-12-31
SKU0093,BrandC Soap,Personal Care,BrandC,Spain,2023,20763,95717.43,56.88,18.44,0.324,B,X,BX,6.413709677419355,77,442,348,6.1,9,0.025,REORDER NOW,2023-12-31
SKU0102,BrandF Toothpaste,Personal Care,BrandF,Spain,2023,31212,95698.94,85.48,41.53,0.486,B,X,BX,6.569668458781362,176,738,370,4.3,8,0.022,REORDER NOW,2023-12-31
SKU0034,BrandD Chocolate,Snacks,BrandD,Spain,2023,32741,91651.55,89.81,40.98,0.456,B,X,BX,6.5284178187404,173,759,261,2.9,10,0.027,REORDER NOW,2023-12-31
SKU0059,BrandE Milk,Dairy,BrandE,Spain,2023,7268,89033.0,19.9,6.65,0.334,B,X,BX,6.541397849462366,28,158,394,19.8,9,0.025,HEALTHY,2023-12-31
SKU0095,BrandE Soap,Personal Care,BrandE,Spain,2023,10136,85345.12,27.78,9.84,0.354,B,X,BX,6.592799539170507,42,225,365,13.1,11,0.03,HEALTHY,2023-12-31
SKU0072,BrandF Detergent,Home Care,BrandF,Spain,2023,10508,83643.68,28.8,9.66,0.336,B,X,BX,6.41889400921659,40,225,459,15.9,13,0.036,HEALTHY,2023-12-31
SKU0090,BrandF Shampoo,Personal Care,BrandF,Spain,2023,5850,82543.5,16.03,5.0,0.312,B,X,BX,6.702854582693292,21,128,116,7.2,11,0.03,REORDER NOW,2023-12-31
SKU0014,BrandB Water,Beverages,BrandB,Spain,2023,21617,82144.6,59.19,20.52,0.347,B,X,BX,6.586399129544291,87,477,325,5.5,13,0.036,REORDER NOW,2023-12-31
SKU0017,BrandE Water,Beverages,BrandE,Spain,2023,45309,80976.75,123.94,56.9,0.459,B,X,BX,6.335880696364568,236,1021,421,3.4,12,0.033,REORDER NOW,2023-12-31
SKU0016,BrandD Water,Beverages,BrandD,Spain,2023,8925,79469.38,24.45,11.43,0.467,B,X,BX,6.373265488991296,48,204,264,10.8,10,0.027,LOW,2023-12-31
SKU0012,BrandF Juice,Beverages,BrandF,Spain,2023,16350,77321.46,44.79,23.05,0.515,B,Y,BY,6.55042242703533,97,390,328,7.3,14,0.038,REORDER NOW,2023-12-31
SKU0031,BrandA Chocolate,Snacks,BrandA,Spain,2023,12606,76474.35,34.53,15.74,0.456,B,X,BX,6.367242703533027,66,286,435,12.6,11,0.03,HEALTHY,2023-12-31
SKU0098,BrandB Toothpaste,Personal Care,BrandB,Spain,2023,14057,76144.63,38.54,17.7,0.459,B,X,BX,6.568490783410138,75,328,336,8.7,12,0.033,LOW,2023-12-31
SKU0046,BrandD Nuts,Snacks,BrandD,Spain,2023,27803,69398.5,76.33,35.81,0.469,B,X,BX,6.458934971838198,150,643,324,4.2,8,0.022,REORDER NOW,2023-12-31
SKU0035,BrandE Chocolate,Snacks,BrandE,Spain,2023,33947,69251.88,93.03,31.53,0.339,B,X,BX,6.464836149513569,132,733,346,3.7,14,0.038,REORDER NOW,2023-12-31
SKU0043,BrandA Nuts,Snacks,BrandA,Spain,2023,13801,69225.95,37.77,17.05,0.451,B,X,BX,6.5882360471070145,72,321,304,8.0,14,0.038,REORDER NOW,2023-12-31
SKU0011,BrandE Juice,Beverages,BrandE,Spain,2023,7695,69221.29,21.06,9.12,0.433,B,X,BX,6.4718701996927805,38,174,319,15.2,13,0.036,HEALTHY,2023-12-31
SKU0088,BrandD Shampoo,Personal Care,BrandD,Spain,2023,6793,68133.79,18.6,5.89,0.317,C,X,CX,6.486712749615975,19,140,243,13.1,9,0.025,HEALTHY,2023-12-31
SKU0087,BrandC Shampoo,Personal Care,BrandC,Spain,2023,8092,66111.64,22.19,7.53,0.339,C,X,CX,6.642850742447517,25,172,153,6.9,9,0.025,REORDER NOW,2023-12-31
SKU0025,BrandA Chips,Snacks,BrandA,Spain,2023,7566,65445.9,20.73,7.08,0.342,C,X,CX,6.29976318484383,23,154,326,15.7,8,0.022,HEALTHY,2023-12-31
SKU0066,BrandF Cheese,Dairy,BrandF,Spain,2023,10103,64698.53,27.65,12.78,0.462,C,X,CX,6.4818228366615465,42,221,445,16.1,5,0.014,HEALTHY,2023-12-31
SKU0063,BrandC Cheese,Dairy,BrandC,Spain,2023,16122,63084.43,44.15,21.27,0.482,C,X,CX,6.513319252432155,69,357,283,6.4,11,0.03,REORDER NOW,2023-12-31
SKU0096,BrandF Soap,Personal Care,BrandF,Spain,2023,27167,62484.1,74.46,25.25,0.339,C,X,CX,6.488620071684587,82,565,252,3.4,12,0.033,REORDER NOW,2023-12-31
SKU0077,BrandE Softener,Home Care,BrandE,Spain,2023,21163,60240.46,57.96,28.19,0.486,C,X,CX,6.498783922171019,92,469,366,6.3,16,0.044,REORDER NOW,2023-12-31
SKU0083,BrandE Cleaner,Home Care,BrandE,Spain,2023,25252,57069.52,69.22,24.52,0.354,C,X,CX,6.371646185355863,79,520,227,3.3,12,0.033,REORDER NOW,2023-12-31
SKU0004,BrandD Soda,Beverages,BrandD,Spain,2023,28534,51646.54,78.11,27.94,0.358,C,X,CX,6.389624935995904,90,589,420,5.4,10,0.027,REORDER NOW,2023-12-31
SKU0039,BrandC Biscuits,Snacks,BrandC,Spain,2023,4161,49099.8,11.4,4.07,0.357,C,X,CX,6.407923707117256,13,86,226,19.8,12,0.033,HEALTHY,2023-12-31
SKU0101,BrandE Toothpaste,Personal Care,BrandE,Spain,2023,5041,47428.45,13.81,6.38,0.462,C,X,CX,6.589016897081414,21,112,421,30.5,12,0.033,HEALTHY,2023-12-31
SKU0022,BrandD Energy drink,Beverages,BrandD,Spain,2023,31116,46051.68,85.21,28.33,0.333,C,X,CX,6.578699436763952,93,654,263,3.1,8,0.022,REORDER NOW,2023-12-31
SKU0006,BrandF Soda,Beverages,BrandF,Spain,2023,37101,45613.18,101.59,44.63,0.439,C,X,CX,6.460464669738863,145,801,215,2.1,11,0.03,REORDER NOW,2023-12-31
SKU0084,BrandF Cleaner,Home Care,BrandF,Spain,2023,7098,38968.02,19.44,6.79,0.349,C,X,CX,6.419572452636969,22,147,279,14.4,8,0.022,HEALTHY,2023-12-31
SKU0091,BrandA Soap,Personal Care,BrandA,Spain,2023,7018,37839.37,19.22,9.35,0.487,C,X,CX,6.352144137224783,30,152,327,17.0,16,0.044,HEALTHY,2023-12-31
SKU0019,BrandA Energy drink,Beverages,BrandA,Spain,2023,7473,36841.59,20.48,9.6,0.469,C,X,CX,6.377118535586277,31,162,324,15.8,7,0.019,HEALTHY,2023-12-31
SKU0056,BrandB Milk,Dairy,BrandB,Spain,2023,7684,36729.01,21.02,9.25,0.44,C,X,CX,6.368119559651817,30,164,376,17.9,7,0.019,HEALTHY,2023-12-31
SKU0040,BrandD Biscuits,Snacks,BrandD,Spain,2023,6326,36183.84,17.33,7.48,0.432,C,X,CX,6.355715565796211,24,134,321,18.5,6,0.016,HEALTHY,2023-12-31
SKU0051,BrandC Yogurt,Dairy,BrandC,Spain,2023,23620,34012.8,64.77,23.89,0.369,C,X,CX,6.48318612391193,78,498,222,3.4,14,0.038,REORDER NOW,2023-12-31
SKU0015,BrandC Water,Beverages,BrandC,Spain,2023,3631,33731.99,9.94,3.36,0.339,C,X,CX,6.398099078341013,11,75,258,26.0,9,0.025,HEALTHY,2023-12-31
SKU0085,BrandA Shampoo,Personal Care,BrandA,Spain,2023,22203,32979.82,60.85,24.9,0.409,C,X,CX,6.4324692780337935,81,472,268,4.4,7,0.019,REORDER NOW,2023-12-31
SKU0067,BrandA Detergent,Home Care,BrandA,Spain,2023,11035,29573.8,30.24,10.72,0.355,C,X,CX,6.3665770609319,35,227,304,10.1,15,0.041,LOW,2023-12-31
SKU0062,BrandB Cheese,Dairy,BrandB,Spain,2023,5126,27936.7,14.05,4.53,0.322,C,X,CX,6.5194380440348185,15,107,317,22.6,9,0.025,HEALTHY,2023-12-31
SKU0037,BrandA Biscuits,Snacks,BrandA,Spain,2023,25511,27551.88,69.92,24.0,0.343,C,X,CX,6.311296722990271,77,518,201,2.9,11,0.03,REORDER NOW,2023-12-31
SKU0008,BrandB Juice,Beverages,BrandB,Spain,2023,7709,27366.95,21.09,6.69,0.317,C,X,CX,6.53802483358935,22,160,196,9.3,9,0.025,LOW,2023-12-31
SKU0086,BrandB Shampoo,Personal Care,BrandB,Spain,2023,2702,26820.28,7.39,3.44,0.466,C,X,CX,6.731125192012289,11,61,188,25.4,12,0.033,HEALTHY,2023-12-31
SKU0003,BrandC Soda,Beverages,BrandC,Spain,2023,7228,22985.04,19.8,6.39,0.323,C,X,CX,6.631259600614439,21,152,170,8.6,9,0.025,LOW,2023-12-31
SKU0065,BrandE Cheese,Dairy,BrandE,Spain,2023,18984,19819.14,51.99,22.59,0.435,C,X,CX,6.554205069124424,74,415,255,4.9,10,0.027,REORDER NOW,2023-12-31
SKU0030,BrandF Chips,Snacks,BrandF,Spain,2023,11662,19009.06,31.94,12.08,0.378,C,X,CX,6.603718637992832,40,251,284,8.9,12,0.033,LOW,2023-12-31
SKU0029,BrandE Chips,Snacks,BrandE,Spain,2023,8832,18598.94,24.18,11.5,0.476,C,X,CX,6.3894393241167435,37,192,252,10.4,13,0.036,LOW,2023-12-31
SKU0055,BrandA Milk,Dairy,BrandA,Spain,2023,4051,17014.2,11.1,3.5,0.315,C,X,CX,6.60502432155658,12,85,249,22.4,9,0.025,HEALTHY,2023-12-31
SKU0075,BrandC Softener,Home Care,BrandC,Spain,2023,9798,16852.56,26.84,9.17,0.342,C,X,CX,6.638383256528417,30,208,276,10.3,8,0.022,LOW,2023-12-31
SKU0073,BrandA Softener,Home Care,BrandA,Spain,2023,2927,14605.73,8.02,2.63,0.329,C,X,CX,6.442985151049668,9,61,285,35.6,11,0.03,OVERSTOCK,2023-12-31
SKU0050,BrandB Yogurt,Dairy,BrandB,Spain,2023,4895,6657.2,13.42,4.79,0.357,C,X,CX,6.43301971326165,16,102,187,13.9,14,0.038,HEALTHY,2023-12-31
SKU0027,BrandC Chips,Snacks,BrandC,Austria,2022,47884,634485.26,131.18,60.01,0.457,A,X,AX,6.4597414234511,355,1202,353,2.7,12,0.033,REORDER NOW,2022-12-31
SKU0018,BrandF Water,Beverages,BrandF,Austria,2022,38866,564334.32,106.39,36.82,0.346,A,X,AX,6.483499743983615,218,908,162,1.5,9,0.025,REORDER NOW,2022-12-31
SKU0092,BrandB Soap,Personal Care,BrandB,Austria,2022,38306,534368.7,104.91,36.67,0.35,A,X,AX,6.469796466973886,217,896,236,2.2,11,0.03,REORDER NOW,2022-12-31
SKU0057,BrandC Milk,Dairy,BrandC,Austria,2022,34864,488793.28,95.57,33.36,0.349,A,X,AX,6.542140296979007,199,824,382,4.0,17,0.047,REORDER NOW,2022-12-31
SKU0061,BrandA Cheese,Dairy,BrandA,Austria,2022,38524,473845.2,105.6,34.92,0.331,A,X,AX,6.539221710189452,208,899,187,1.8,7,0.019,REORDER NOW,2022-12-31
SKU0099,BrandC Toothpaste,Personal Care,BrandC,Austria,2022,44569,465962.89,121.95,56.57,0.464,A,X,AX,6.66884280593958,340,1153,310,2.5,12,0.033,REORDER NOW,2022-12-31
SKU0100,BrandD Toothpaste,Personal Care,BrandD,Austria,2022,34684,465459.28,94.96,30.64,0.323,A,X,AX,6.3958013312852025,181,788,360,3.8,8,0.022,REORDER NOW,2022-12-31
SKU0064,BrandD Cheese,Dairy,BrandD,Austria,2022,36182,450465.9,99.1,36.23,0.366,A,X,AX,6.439164106502816,214,852,244,2.5,13,0.036,REORDER NOW,2022-12-31
SKU0041,BrandE Biscuits,Snacks,BrandE,Austria,2022,35243,423322.44,96.57,46.32,0.48,A,X,AX,6.389247311827957,273,890,400,4.1,10,0.027,REORDER NOW,2022-12-31
SKU0028,BrandD Chips,Snacks,BrandD,Austria,2022,41214,386175.18,112.93,39.69,0.351,A,X,AX,6.475678443420379,235,966,136,1.2,8,0.022,REORDER NOW,2022-12-31
SKU0097,BrandA Toothpaste,Personal Care,BrandA,Austria,2022,27383,372682.63,74.99,26.0,0.347,A,X,AX,6.598995135688685,156,651,203,2.7,8,0.022,REORDER NOW,2022-12-31
SKU0038,BrandB Biscuits,Snacks,BrandB,Austria,2022,33743,367798.7,92.49,32.11,0.347,A,X,AX,6.320302099334358,188,773,323,3.5,7,0.019,REORDER NOW,2022-12-31
SKU0005,BrandE Soda,Beverages,BrandE,Austria,2022,40137,355650.26,109.94,52.14,0.474,A,X,AX,6.338031233998976,306,1003,265,2.4,9,0.025,REORDER NOW,2022-12-31
SKU0045,BrandC Nuts,Snacks,BrandC,Austria,2022,26098,331700.78,71.44,31.67,0.443,A,X,AX,6.5126536098310295,188,653,237,3.3,9,0.025,REORDER NOW,2022-12-31
SKU0002,BrandB Soda,Beverages,BrandB,Austria,2022,29130,327712.5,79.78,28.45,0.357,A,X,AX,6.282418074756785,166,667,379,4.8,11,0.03,REORDER NOW,2022-12-31
SKU0044,BrandB Nuts,Snacks,BrandB,Austria,2022,29108,326300.68,79.79,28.31,0.355,A,X,AX,6.479147465437788,168,685,344,4.3,10,0.027,REORDER NOW,2022-12-31
SKU0060,BrandF Milk,Dairy,BrandF,Austria,2022,23442,316467.0,64.22,23.08,0.359,A,X,AX,6.496537378392218,137,554,122,1.9,10,0.027,REORDER NOW,2022-12-31
SKU0001,BrandA Soda,Beverages,BrandA,Austria,2022,53538,314863.24,146.44,68.21,0.466,A,X,AX,6.420327700972862,403,1343,270,1.8,12,0.033,REORDER NOW,2022-12-31
SKU0094,BrandD Soap,Personal Care,BrandD,Austria,2022,24855,309196.2,68.13,22.89,0.336,A,X,AX,6.331323604710701,134,565,331,4.9,9,0.025,REORDER NOW,2022-12-31
SKU0048,BrandF Nuts,Snacks,BrandF,Austria,2022,27699,307522.66,75.92,34.83,0.459,A,X,AX,6.511546338965694,207,701,253,3.3,8,0.022,REORDER NOW,2022-12-31
SKU0047,BrandE Nuts,Snacks,BrandE,Austria,2022,26156,304717.4,71.67,24.06,0.336,A,X,AX,6.464964157706093,143,606,249,3.5,11,0.03,REORDER NOW,2022-12-31
SKU0013,BrandA Water,Beverages,BrandA,Austria,2022,42941,300183.72,117.43,55.25,0.471,A,X,AX,6.68399897593446,333,1118,247,2.1,18,0.049,REORDER NOW,2022-12-31
SKU0082,BrandD Cleaner,Home Care,BrandD,Austria,2022,24389,240719.43,66.89,22.28,0.333,A,X,AX,6.507270865335381,132,567,385,5.8,8,0.022,REORDER NOW,2022-12-31
SKU0074,BrandB Softener,Home Care,BrandB,Austria,2022,26856,238989.51,73.54,32.24,0.438,A,X,AX,6.559568612391193,192,674,292,4.0,7,0.019,REORDER NOW,2022-12-31
SKU0020,BrandB Energy drink,Beverages,BrandB,Austria,2022,22504,238092.32,61.61,21.46,0.348,A,X,AX,6.445161290322581,127,524,244,4.0,10,0.027,REORDER NOW,2022-12-31
SKU0089,BrandE Shampoo,Personal Care,BrandE,Austria,2022,17764,189541.88,48.62,16.78,0.345,A,X,AX,6.503200204813108,100,416,320,6.6,11,0.03,REORDER NOW,2022-12-31
SKU0078,BrandF Softener,Home Care,BrandF,Austria,2022,12328,182454.4,33.78,11.84,0.351,A,X,AX,6.557661290322581,71,293,278,8.2,9,0.025,REORDER NOW,2022-12-31
SKU0081,BrandC Cleaner,Home Care,BrandC,Austria,2022,28201,173436.15,77.28,25.2,0.326,A,X,AX,6.568721198156681,150,658,319,4.1,10,0.027,REORDER NOW,2022-12-31
SKU0076,BrandD Softener,Home Care,BrandD,Austria,2022,12247,168028.84,33.53,11.63,0.347,B,X,BX,6.285279057859703,48,259,277,8.3,16,0.044,LOW,2022-12-31
SKU0049,BrandA Yogurt,Dairy,BrandA,Austria,2022,19597,163047.04,53.69,18.19,0.339,B,X,BX,6.441493855606758,76,422,192,3.6,6,0.016,REORDER NOW,2022-12-31
SKU0007,BrandA Juice,Beverages,BrandA,Austria,2022,12561,158896.65,34.38,11.21,0.326,B,X,BX,6.608282130056324,48,275,319,9.3,6,0.016,LOW,2022-12-31
SKU0080,BrandB Cleaner,Home Care,BrandB,Austria,2022,37043,150637.25,101.56,46.11,0.454,B,X,BX,6.6734190988223245,197,875,154,1.5,9,0.025,REORDER NOW,2022-12-31
SKU0102,BrandF Toothpaste,Personal Care,BrandF,Austria,2022,47877,144904.55,131.15,62.44,0.476,B,X,BX,6.500569636456734,263,1116,160,1.2,18,0.049,REORDER NOW,2022-12-31
SKU0009,BrandC Juice,Beverages,BrandC,Austria,2022,26360,138653.6,72.18,24.08,0.334,B,X,BX,6.604185867895545,102,579,270,3.7,6,0.016,REORDER NOW,2022-12-31
SKU0033,BrandC Chocolate,Snacks,BrandC,Austria,2022,27164,133918.52,74.52,27.89,0.374,B,X,BX,6.535330261136713,118,605,206,2.8,18,0.049,REORDER NOW,2022-12-31
SKU0093,BrandC Soap,Personal Care,BrandC,Austria,2022,28902,133238.22,79.15,26.8,0.339,B,X,BX,6.4791346646185355,113,626,299,3.8,11,0.03,REORDER NOW,2022-12-31
SKU0010,BrandD Juice,Beverages,BrandD,Austria,2022,18732,123321.0,51.3,24.21,0.472,B,X,BX,6.73741679467486,104,450,291,5.7,12,0.033,REORDER NOW,2022-12-31
SKU0059,BrandE Milk,Dairy,BrandE,Austria,2022,9957,121973.25,27.29,8.91,0.327,B,X,BX,6.439746543778802,37,213,312,11.4,9,0.025,LOW,2022-12-31
SKU0031,BrandA Chocolate,Snacks,BrandA,Austria,2022,19339,116053.95,52.99,23.26,0.439,B,X,BX,6.521908602150538,98,444,340,6.4,5,0.014,REORDER NOW,2022-12-31
SKU0090,BrandF Shampoo,Personal Care,BrandF,Austria,2022,8143,114897.73,22.32,7.54,0.338,B,X,BX,6.3420826932923715,31,173,261,11.7,10,0.027,HEALTHY,2022-12-31
SKU0072,BrandF Detergent,Home Care,BrandF,Austria,2022,14368,114369.28,39.37,13.74,0.349,B,X,BX,6.496434971838198,58,314,303,7.7,14,0.038,REORDER NOW,2022-12-31
SKU0016,BrandD Water,Beverages,BrandD,Austria,2022,12424,111043.51,33.99,15.67,0.461,B,X,BX,6.487762416794674,66,287,351,10.3,14,0.038,LOW,2022-12-31
SKU0098,BrandB Toothpaste,Personal Care,BrandB,Austria,2022,19543,105190.16,53.49,25.8,0.482,B,X,BX,6.5826292882744495,109,461,191,3.6,15,0.041,REORDER NOW,2022-12-31
SKU0012,BrandF Juice,Beverages,BrandF,Austria,2022,21882,104860.35,59.87,26.93,0.45,B,X,BX,6.407232462877624,112,496,279,4.7,9,0.025,REORDER NOW,2022-12-31
SKU0095,BrandE Soap,Personal Care,BrandE,Austria,2022,12192,102656.64,33.38,11.71,0.351,B,X,BX,6.502035330261137,49,266,299,9.0,14,0.038,LOW,2022-12-31
SKU0035,BrandE Chocolate,Snacks,BrandE,Austria,2022,48961,99880.44,134.33,48.44,0.361,B,X,BX,6.8088133640552995,209,1124,261,1.9,15,0.041,REORDER NOW,2022-12-31
SKU0014,BrandB Water,Beverages,BrandB,Austria,2022,26255,99769.0,71.85,25.48,0.355,B,X,BX,6.4753328213005625,107,572,403,5.6,9,0.025,REORDER NOW,2022-12-31
SKU0043,BrandA Nuts,Snacks,BrandA,Austria,2022,19495,97668.64,53.43,25.56,0.478,B,X,BX,6.596415770609319,108,460,214,4.0,12,0.033,REORDER NOW,2022-12-31
SKU0088,BrandD Shampoo,Personal Care,BrandD,Austria,2022,9627,96558.81,26.36,9.15,0.347,B,X,BX,6.305382744495648,38,204,331,12.6,12,0.033,HEALTHY,2022-12-31
SKU0011,BrandE Juice,Beverages,BrandE,Austria,2022,10544,94574.12,28.86,13.64,0.473,B,X,BX,6.633051715309779,58,249,280,9.7,9,0.025,LOW,2022-12-31
SKU0087,BrandC Shampoo,Personal Care,BrandC,Austria,2022,11557,94420.69,31.67,11.4,0.36,B,X,BX,6.669246031746032,49,260,321,10.1,13,0.036,LOW,2022-12-31
SKU0046,BrandD Nuts,Snacks,BrandD,Austria,2022,37179,93329.45,101.87,44.62,0.438,B,X,BX,6.553110599078341,188,856,292,2.9,8,0.022,REORDER NOW,2022-12-31
SKU0025,BrandA Chips,Snacks,BrandA,Austria,2022,10534,91119.1,28.87,9.99,0.346,C,X,CX,6.305574756784434,32,214,282,9.8,13,0.036,LOW,2022-12-31
SKU0096,BrandF Soap,Personal Care,BrandF,Austria,2022,37034,85178.2,101.47,36.45,0.359,C,X,CX,6.366033026113672,118,764,486,4.8,13,0.036,REORDER NOW,2022-12-31
SKU0066,BrandF Cheese,Dairy,BrandF,Austria,2022,13075,85149.76,35.8,15.45,0.432,C,X,CX,6.592031490015361,51,287,342,9.6,11,0.03,LOW,2022-12-31
SKU0083,BrandE Cleaner,Home Care,BrandE,Austria,2022,35739,80770.14,97.82,35.2,0.36,C,X,CX,6.7370327700972865,117,776,395,4.0,16,0.044,REORDER NOW,2022-12-31
SKU0004,BrandD Soda,Beverages,BrandD,Austria,2022,41556,75216.36,113.78,36.97,0.325,C,X,CX,6.4501728110599075,120,854,403,3.5,10,0.027,REORDER NOW,2022-12-31
SKU0077,BrandE Softener,Home Care,BrandE,Austria,2022,26182,74354.95,71.81,32.58,0.454,C,X,CX,6.408141321044547,106,566,391,5.4,9,0.025,REORDER NOW,2022-12-31
SKU0039,BrandC Biscuits,Snacks,BrandC,Austria,2022,5934,70021.2,16.25,5.99,0.369,C,X,CX,6.476747311827957,20,125,462,28.4,17,0.047,HEALTHY,2022-12-31
SKU0006,BrandF Soda,Beverages,BrandF,Austria,2022,54883,66829.17,150.18,66.17,0.441,C,X,CX,6.49986559139785,216,1192,275,1.8,10,0.027,REORDER NOW,2022-12-31
SKU0101,BrandE Toothpaste,Personal Care,BrandE,Austria,2022,7048,65320.13,19.29,10.21,0.529,C,Y,CY,6.4710061443932405,33,158,199,10.3,19,0.052,LOW,2022-12-31
SKU0022,BrandD Energy drink,Beverages,BrandD,Austria,2022,42148,62379.04,115.41,42.04,0.364,C,X,CX,6.49407962109575,137,886,237,2.1,15,0.041,REORDER NOW,2022-12-31
SKU0084,BrandF Cleaner,Home Care,BrandF,Austria,2022,9763,53598.87,26.75,10.42,0.39,C,X,CX,6.216474654377881,33,199,331,12.4,18,0.049,HEALTHY,2022-12-31
SKU0040,BrandD Biscuits,Snacks,BrandD,Austria,2022,9090,51456.26,24.89,10.97,0.441,C,X,CX,6.585867895545316,36,200,371,14.9,9,0.025,HEALTHY,2022-12-31
SKU0056,BrandB Milk,Dairy,BrandB,Austria,2022,10100,47819.8,27.65,12.85,0.465,C,X,CX,6.342761136712749,41,216,206,7.4,16,0.044,REORDER NOW,2022-12-31
SKU0015,BrandC Water,Beverages,BrandC,Austria,2022,5060,47007.4,13.84,4.87,0.352,C,X,CX,6.511507936507936,16,106,239,17.3,9,0.025,HEALTHY,2022-12-31
SKU0091,BrandA Soap,Personal Care,BrandA,Austria,2022,8585,46316.88,23.55,10.05,0.427,C,X,CX,6.497753456221198,33,186,225,9.6,13,0.036,LOW,2022-12-31
SKU0085,BrandA Shampoo,Personal Care,BrandA,Austria,2022,30664,45280.91,84.01,40.85,0.486,C,X,CX,6.5753200204813105,134,686,233,2.8,15,0.041,REORDER NOW,2022-12-31
SKU0067,BrandA Detergent,Home Care,BrandA,Austria,2022,16195,43402.6,44.36,14.2,0.32,C,X,CX,6.421825396825397,46,331,247,5.6,7,0.019,REORDER NOW,2022-12-31
SKU0051,BrandC Yogurt,Dairy,BrandC,Austria,2022,27935,40226.4,76.51,25.5,0.333,C,X,CX,6.424225550435228,83,575,235,3.1,6,0.016,REORDER NOW,2022-12-31
SKU0086,BrandB Shampoo,Personal Care,BrandB,Austria,2022,3943,38907.94,10.8,4.72,0.437,C,X,CX,6.201113671274961,15,82,272,25.2,5,0.014,HEALTHY,2022-12-31
SKU0008,BrandB Juice,Beverages,BrandB,Austria,2022,10898,38687.9,29.84,10.49,0.351,C,X,CX,6.517927547363031,34,228,327,11.0,11,0.03,LOW,2022-12-31
SKU0062,BrandB Cheese,Dairy,BrandB,Austria,2022,6992,38106.4,19.15,6.25,0.326,C,X,CX,6.563492063492063,20,146,322,16.8,8,0.022,HEALTHY,2022-12-31
SKU0003,BrandC Soda,Beverages,BrandC,Austria,2022,10061,31993.98,27.55,8.56,0.311,C,X,CX,6.440828213005632,28,205,497,18.0,6,0.016,HEALTHY,2022-12-31
SKU0042,BrandF Biscuits,Snacks,BrandF,Austria,2022,5387,30328.81,14.75,5.01,0.34,C,X,CX,6.526561699948797,16,112,277,18.8,7,0.019,HEALTHY,2022-12-31
SKU0065,BrandE Cheese,Dairy,BrandE,Austria,2022,26641,27437.44,73.01,35.18,0.482,C,X,CX,6.425409626216077,114,583,237,3.2,15,0.041,REORDER NOW,2022-12-31
SKU0029,BrandE Chips,Snacks,BrandE,Austria,2022,12876,27222.95,35.25,16.67,0.473,C,X,CX,6.408659754224271,54,280,420,11.9,10,0.027,LOW,2022-12-31
SKU0030,BrandF Chips,Snacks,BrandF,Austria,2022,16614,27080.82,45.5,15.4,0.338,C,X,CX,6.417914746543779,50,342,295,6.5,12,0.033,REORDER NOW,2022-12-31
SKU0055,BrandA Milk,Dairy,BrandA,Austria,2022,5604,23536.8,15.37,5.51,0.359,C,X,CX,6.639196108550948,18,120,415,27.0,14,0.038,HEALTHY,2022-12-31
SKU0075,BrandC Softener,Home Care,BrandC,Austria,2022,13614,23416.08,37.28,13.14,0.352,C,X,CX,6.6660906298003075,43,292,373,10.0,12,0.033,LOW,2022-12-31
SKU0018,BrandF Water,Beverages,BrandF,France,2022,39205,569256.6,107.2,36.13,0.337,A,X,AX,6.555472350230414,216,919,367,3.4,15,0.041,REORDER NOW,2022-12-31
SKU0092,BrandB Soap,Personal Care,BrandB,France,2022,37480,522846.0,102.77,35.39,0.344,A,X,AX,6.5580325140809,211,885,266,2.6,8,0.022,REORDER NOW,2022-12-31
SKU0026,BrandB Chips,Snacks,BrandB,France,2022,35334,514816.38,96.82,33.37,0.345,A,X,AX,6.371383768561188,196,813,185,1.9,11,0.03,REORDER NOW,2022-12-31
SKU0057,BrandC Milk,Dairy,BrandC,France,2022,34358,481699.16,94.16,31.8,0.338,A,X,AX,6.4815284178187405,189,799,293,3.1,9,0.025,REORDER NOW,2022-12-31
SKU0099,BrandC Toothpaste,Personal Care,BrandC,France,2022,45350,473985.25,124.26,56.83,0.457,A,X,AX,6.281419610855095,332,1113,332,2.7,10,0.027,REORDER NOW,2022-12-31
SKU0100,BrandD Toothpaste,Personal Care,BrandD,France,2022,33367,447785.14,91.45,33.8,0.37,A,X,AX,6.690053763440861,204,816,217,2.4,18,0.049,REORDER NOW,2022-12-31
SKU0064,BrandD Cheese,Dairy,BrandD,France,2022,35614,443394.3,97.56,35.16,0.36,A,X,AX,6.47752176139273,208,840,314,3.2,10,0.027,REORDER NOW,2022-12-31
SKU0041,BrandE Biscuits,Snacks,BrandE,France,2022,35648,429488.32,97.7,45.01,0.461,A,X,AX,6.432226062467998,266,894,338,3.5,8,0.022,REORDER NOW,2022-12-31
SKU0028,BrandD Chips,Snacks,BrandD,France,2022,41434,388236.58,113.55,36.76,0.324,A,X,AX,6.481246799795187,218,954,303,2.7,12,0.033,REORDER NOW,2022-12-31
SKU0097,BrandA Toothpaste,Personal Care,BrandA,France,2022,28336,385652.96,77.69,26.15,0.337,A,X,AX,6.38318612391193,154,650,393,5.1,10,0.027,REORDER NOW,2022-12-31
SKU0058,BrandD Milk,Dairy,BrandD,France,2022,37521,370332.27,102.8,35.61,0.346,A,X,AX,6.432686891961086,210,871,358,3.5,9,0.025,REORDER NOW,2022-12-31
SKU0038,BrandB Biscuits,Snacks,BrandB,France,2022,33225,362152.5,91.02,30.11,0.331,A,X,AX,6.318477982590886,176,751,345,3.8,11,0.03,REORDER NOW,2022-12-31
SKU0005,BrandE Soda,Beverages,BrandE,France,2022,40491,360058.28,110.94,52.17,0.47,A,X,AX,6.476580901177676,309,1027,300,2.7,17,0.047,REORDER NOW,2022-12-31
SKU0044,BrandB Nuts,Snacks,BrandB,France,2022,29357,329091.97,80.42,28.58,0.355,A,X,AX,6.503513824884792,170,693,268,3.3,11,0.03,REORDER NOW,2022-12-31
SKU0045,BrandC Nuts,Snacks,BrandC,France,2022,25743,326685.08,70.48,32.81,0.466,A,X,AX,6.452937788018434,194,649,186,2.6,9,0.025,REORDER NOW,2022-12-31
SKU0060,BrandF Milk,Dairy,BrandF,France,2022,23973,323635.5,65.69,23.67,0.36,A,X,AX,6.413389656938044,140,561,311,4.7,14,0.038,REORDER NOW,2022-12-31
SKU0001,BrandA Soda,Beverages,BrandA,France,2022,52589,310537.35,143.82,63.01,0.438,A,X,AX,6.599910394265233,377,1326,342,2.4,12,0.033,REORDER NOW,2022-12-31
SKU0047,BrandE Nuts,Snacks,BrandE,France,2022,26539,309179.35,72.65,25.65,0.353,A,X,AX,6.422580645161291,151,618,233,3.2,10,0.027,REORDER NOW,2022-12-31
SKU0094,BrandD Soap,Personal Care,BrandD,France,2022,24387,303374.28,66.76,23.16,0.347,A,X,AX,6.506899641577061,138,572,240,3.6,13,0.036,REORDER NOW,2022-12-31
SKU0013,BrandA Water,Beverages,BrandA,France,2022,43220,301943.82,118.23,56.73,0.48,A,X,AX,6.431560419866872,335,1095,272,2.3,16,0.044,REORDER NOW,2022-12-31
SKU0048,BrandF Nuts,Snacks,BrandF,France,2022,26673,295607.69,73.14,33.59,0.459,A,X,AX,6.389944956477215,198,665,377,5.2,6,0.016,REORDER NOW,2022-12-31
SKU0069,BrandC Detergent,Home Care,BrandC,France,2022,35169,274213.81,96.42,43.74,0.454,A,X,AX,6.439496927803379,259,880,239,2.5,12,0.033,REORDER NOW,2022-12-31
SKU0032,BrandB Chocolate,Snacks,BrandB,France,2022,22979,271404.0,63.03,28.89,0.458,A,X,AX,6.524007936507936,172,583,313,5.0,8,0.022,REORDER NOW,2022-12-31
SKU0070,BrandD Detergent,Home Care,BrandD,France,2022,41381,252010.29,113.4,36.62,0.323,A,X,AX,6.730536354326677,221,984,231,2.0,6,0.016,REORDER NOW,2022-12-31
SKU0054,BrandF Yogurt,Dairy,BrandF,France,2022,38230,242203.46,104.63,49.05,0.469,A,X,AX,6.23949692780338,285,938,228,2.2,10,0.027,REORDER NOW,2022-12-31
SKU0020,BrandB Energy drink,Beverages,BrandB,France,2022,22019,232961.02,60.26,18.78,0.312,A,X,AX,6.395001280081925,111,496,210,3.5,8,0.022,REORDER NOW,2022-12-31
SKU0071,BrandE Detergent,Home Care,BrandE,France,2022,12722,184087.34,34.84,11.96,0.343,A,X,AX,6.277854582693293,70,289,334,9.6,9,0.025,LOW,2022-12-31
SKU0053,BrandE Yogurt,Dairy,BrandE,France,2022,12677,173801.67,34.73,12.3,0.354,A,X,AX,6.545334101382488,73,300,181,5.2,12,0.033,REORDER NOW,2022-12-31
SKU0023,BrandE Energy drink,Beverages,BrandE,France,2022,38516,168545.23,105.44,45.93,0.436,B,X,BX,6.61060547875064,195,892,279,2.6,9,0.025,REORDER NOW,2022-12-31
SKU0076,BrandD Softener,Home Care,BrandD,France,2022,12271,168358.12,33.62,11.31,0.336,B,X,BX,6.63215565796211,48,271,235,7.0,12,0.033,REORDER NOW,2022-12-31
SKU0081,BrandC Cleaner,Home Care,BrandC,France,2022,27371,168331.65,75.0,24.79,0.331,B,X,BX,6.583832565284179,105,599,436,5.8,13,0.036,REORDER NOW,2022-12-31
SKU0007,BrandA Juice,Beverages,BrandA,France,2022,12388,156708.2,33.91,11.31,0.333,B,X,BX,6.506400409626216,48,269,444,13.1,6,0.016,HEALTHY,2022-12-31
SKU0036,BrandF Chocolate,Snacks,BrandF,France,2022,14046,156176.04,38.49,16.56,0.43,B,X,BX,6.5494687660010245,70,322,321,8.3,8,0.022,REORDER NOW,2022-12-31
SKU0102,BrandF Toothpaste,Personal Care,BrandF,France,2022,46348,140100.46,127.02,61.53,0.484,B,X,BX,6.528328213005633,259,1088,322,2.5,12,0.033,REORDER NOW,2022-12-31
SKU0033,BrandC Chocolate,Snacks,BrandC,France,2022,28351,139770.43,77.7,25.21,0.324,B,X,BX,6.643830005120328,107,623,370,4.8,9,0.025,REORDER NOW,2022-12-31
SKU0009,BrandC Juice,Beverages,BrandC,France,2022,26100,137286.0,71.48,24.72,0.346,B,X,BX,6.457066052227343,104,566,258,3.6,11,0.03,REORDER NOW,2022-12-31
SKU0034,BrandD Chocolate,Snacks,BrandD,France,2022,48320,135146.61,132.43,59.32,0.448,B,X,BX,6.5718958013312845,251,1121,180,1.4,11,0.03,REORDER NOW,2022-12-31
SKU0010,BrandD Juice,Beverages,BrandD,France,2022,18656,122966.38,51.1,24.24,0.474,B,X,BX,6.581925243215566,103,439,405,7.9,12,0.033,REORDER NOW,2022-12-31
SKU0052,BrandD Yogurt,Dairy,BrandD,France,2022,22376,120830.4,61.35,20.77,0.339,B,X,BX,6.4325780849974405,87,482,240,3.9,7,0.019,REORDER NOW,2022-12-31
SKU0090,BrandF Shampoo,Personal Care,BrandF,France,2022,8156,115081.16,22.34,7.41,0.332,B,X,BX,6.625211213517665,31,179,473,21.2,8,0.022,HEALTHY,2022-12-31
SKU0072,BrandF Detergent,Home Care,BrandF,France,2022,14353,114249.88,39.3,13.87,0.353,B,X,BX,6.658890168970814,59,321,403,10.3,11,0.03,LOW,2022-12-31
SKU0031,BrandA Chocolate,Snacks,BrandA,France,2022,19060,114070.45,52.23,24.9,0.477,B,X,BX,6.339477726574501,103,434,235,4.5,8,0.022,REORDER NOW,2022-12-31
SKU0012,BrandF Juice,Beverages,BrandF,France,2022,22982,109471.86,62.85,29.54,0.47,B,X,BX,6.560048643113159,125,537,181,2.9,8,0.022,REORDER NOW,2022-12-31
SKU0098,BrandB Toothpaste,Personal Care,BrandB,France,2022,19551,106059.58,53.54,21.9,0.409,B,X,BX,6.536667946748591,92,442,302,5.6,8,0.022,REORDER NOW,2022-12-31
SKU0095,BrandE Soap,Personal Care,BrandE,France,2022,12053,101486.26,33.03,12.45,0.377,B,X,BX,6.611232718894009,53,271,474,14.3,19,0.052,HEALTHY,2022-12-31
SKU0035,BrandE Chocolate,Snacks,BrandE,France,2022,47564,97030.56,130.48,46.24,0.354,B,X,BX,6.422324628776241,193,1031,357,2.7,11,0.03,REORDER NOW,2022-12-31
SKU0088,BrandD Shampoo,Personal Care,BrandD,France,2022,9672,97010.16,26.5,9.08,0.343,B,X,BX,6.503917050691244,38,210,216,8.2,9,0.025,LOW,2022-12-31
SKU0011,BrandE Juice,Beverages,BrandE,France,2022,10768,96780.92,29.48,13.45,0.456,B,X,BX,6.5654505888376855,57,251,438,14.9,15,0.041,HEALTHY,2022-12-31
SKU0017,BrandE Water,Beverages,BrandE,France,2022,53479,95911.43,146.46,65.92,0.45,B,X,BX,6.399257552483359,275,1212,274,1.9,6,0.016,REORDER NOW,2022-12-31
SKU0087,BrandC Shampoo,Personal Care,BrandC,France,2022,11725,95793.25,32.1,10.74,0.334,B,X,BX,6.264112903225807,44,245,264,8.2,9,0.025,LOW,2022-12-31
SKU0046,BrandD Nuts,Snacks,BrandD,France,2022,38080,95540.47,104.34,45.3,0.434,B,X,BX,6.776228878648233,195,902,235,2.3,15,0.041,REORDER NOW,2022-12-31
SKU0025,BrandA Chips,Snacks,BrandA,France,2022,10368,89683.2,28.39,9.92,0.349,C,X,CX,6.368714797747056,32,213,276,9.7,12,0.033,LOW,2022-12-31
SKU0063,BrandC Cheese,Dairy,BrandC,France,2022,22609,89510.56,61.97,28.92,0.467,C,X,CX,6.499027137736815,94,497,335,5.4,6,0.016,REORDER NOW,2022-12-31
SKU0096,BrandF Soap,Personal Care,BrandF,France,2022,38338,88177.4,105.04,35.48,0.338,C,X,CX,6.515322580645162,116,800,145,1.4,9,0.025,REORDER NOW,2022-12-31
SKU0066,BrandF Cheese,Dairy,BrandF,France,2022,13160,85376.21,36.01,16.33,0.453,C,X,CX,6.491269841269841,53,287,356,9.9,9,0.025,LOW,2022-12-31
SKU0077,BrandE Softener,Home Care,BrandE,France,2022,27099,76590.83,74.31,34.47,0.464,C,X,CX,6.425262416794674,112,589,164,2.2,6,0.016,REORDER NOW,2022-12-31
SKU0004,BrandD Soda,Beverages,BrandD,France,2022,40603,73491.43,111.11,41.7,0.375,C,X,CX,6.681387608806964,138,880,304,2.7,17,0.047,REORDER NOW,2022-12-31
SKU0039,BrandC Biscuits,Snacks,BrandC,France,2022,5810,68558.0,15.92,5.67,0.356,C,X,CX,6.607437275985663,19,124,272,17.1,9,0.025,HEALTHY,2022-12-31
SKU0021,BrandC Energy drink,Beverages,BrandC,France,2022,25003,67758.13,68.46,22.3,0.326,C,X,CX,6.515008960573476,73,519,344,5.0,6,0.016,REORDER NOW,2022-12-31
SKU0101,BrandE Toothpaste,Personal Care,BrandE,France,2022,7069,65774.22,19.37,9.0,0.465,C,X,CX,6.405363543266769,29,153,228,11.8,13,0.036,LOW,2022-12-31
SKU0006,BrandF Soda,Beverages,BrandF,France,2022,53193,64768.26,145.66,65.42,0.449,C,X,CX,6.502003328213006,214,1161,179,1.2,18,0.049,REORDER NOW,2022-12-31
SKU0022,BrandD Energy drink,Beverages,BrandD,France,2022,41751,61791.48,114.4,44.09,0.385,C,X,CX,6.467031490015361,144,884,244,2.1,22,0.06,REORDER NOW,2022-12-31
SKU0084,BrandF Cleaner,Home Care,BrandF,France,2022,9878,54230.22,27.08,9.02,0.333,C,X,CX,6.650326420890937,30,210,226,8.3,8,0.022,LOW,2022-12-31
SKU0040,BrandD Biscuits,Snacks,BrandD,France,2022,8966,50750.71,24.53,11.34,0.462,C,X,CX,6.434415002560164,37,195,236,9.6,13,0.036,LOW,2022-12-31
SKU0056,BrandB Milk,Dairy,BrandB,France,2022,10575,49672.47,28.97,14.29,0.493,C,X,CX,6.383576548899129,46,231,238,8.2,9,0.025,LOW,2022-12-31
SKU0091,BrandA Soap,Personal Care,BrandA,France,2022,8404,45243.4,23.03,10.44,0.453,C,X,CX,6.51694828469022,34,184,218,9.5,16,0.044,LOW,2022-12-31
SKU0085,BrandA Shampoo,Personal Care,BrandA,France,2022,29529,43579.07,81.0,41.34,0.51,C,Y,CY,6.437506400409625,134,655,246,3.0,17,0.047,REORDER NOW,2022-12-31
SKU0067,BrandA Detergent,Home Care,BrandA,France,2022,15603,41816.04,42.75,15.46,0.362,C,X,CX,6.472907066052227,50,327,377,8.8,15,0.041,LOW,2022-12-31
SKU0019,BrandA Energy drink,Beverages,BrandA,France,2022,8444,41740.46,23.11,10.96,0.474,C,X,CX,6.596255760368663,36,188,235,10.2,15,0.041,LOW,2022-12-31
SKU0037,BrandA Biscuits,Snacks,BrandA,France,2022,36434,39348.72,99.76,35.96,0.361,C,X,CX,6.428245007680491,117,758,289,2.9,13,0.036,REORDER NOW,2022-12-31
SKU0008,BrandB Juice,Beverages,BrandB,France,2022,11031,39160.05,30.19,10.63,0.352,C,X,CX,6.663268049155146,35,236,321,10.6,11,0.03,LOW,2022-12-31
SKU0003,BrandC Soda,Beverages,BrandC,France,2022,9811,31198.98,26.86,9.73,0.362,C,X,CX,6.585439068100359,32,209,184,6.8,13,0.036,REORDER NOW,2022-12-31
SKU0042,BrandF Biscuits,Snacks,BrandF,France,2022,5526,31111.38,15.15,4.91,0.324,C,X,CX,6.632059651817716,16,116,262,17.3,10,0.027,HEALTHY,2022-12-31
SKU0065,BrandE Cheese,Dairy,BrandE,France,2022,27443,28268.86,75.24,35.79,0.476,C,X,CX,6.545090885816692,117,609,363,4.8,6,0.016,REORDER NOW,2022-12-31
SKU0029,BrandE Chips,Snacks,BrandE,France,2022,12668,26844.81,34.71,15.64,0.451,C,X,CX,6.422900665642601,51,274,147,4.2,13,0.036,REORDER NOW,2022-12-31
SKU0030,BrandF Chips,Snacks,BrandF,France,2022,15973,26035.99,43.79,15.55,0.355,C,X,CX,6.370826932923706,50,329,365,8.3,18,0.049,LOW,2022-12-31
SKU0055,BrandA Milk,Dairy,BrandA,France,2022,5791,24322.2,15.87,5.07,0.319,C,X,CX,6.440360983102919,16,118,275,17.3,8,0.022,HEALTHY,2022-12-31
SKU0075,BrandC Softener,Home Care,BrandC,France,2022,13570,23340.4,37.21,13.37,0.359,C,X,CX,6.3824244751664105,43,280,308,8.3,11,0.03,LOW,2022-12-31
SKU0073,BrandA Softener,Home Care,BrandA,France,2022,4206,20987.94,11.53,3.68,0.319,C,X,CX,6.421998207885305,12,86,297,25.8,6,0.016,HEALTHY,2022-12-31
SKU0050,BrandB Yogurt,Dairy,BrandB,France,2022,6925,9418.0,18.97,6.28,0.331,C,X,CX,6.567479518689196,21,146,299,15.8,10,0.027,HEALTHY,2022-12-31
SKU0027,BrandC Chips,Snacks,BrandC,Germany,2022,47604,632212.8,130.27,54.9,0.421,A,X,AX,6.581445212493599,328,1185,402,3.1,5,0.014,REORDER NOW,2022-12-31
SKU0018,BrandF Water,Beverages,BrandF,Germany,2022,39693,576342.36,108.6,36.99,0.341,A,X,AX,6.607859703020993,222,940,375,3.5,11,0.03,REORDER NOW,2022-12-31
SKU0092,BrandB Soap,Personal Care,BrandB,Germany,2022,37793,527212.35,103.49,33.53,0.324,A,X,AX,6.434997439836149,198,864,387,3.7,10,0.027,REORDER NOW,2022-12-31
SKU0026,BrandB Chips,Snacks,BrandB,Germany,2022,35791,521474.87,98.04,31.9,0.325,A,X,AX,6.555312339989759,190,833,233,2.4,9,0.025,REORDER NOW,2022-12-31
SKU0099,BrandC Toothpaste,Personal Care,BrandC,Germany,2022,46378,485159.22,127.08,55.59,0.437,A,X,AX,6.633230926779315,334,1177,433,3.4,6,0.016,REORDER NOW,2022-12-31
SKU0057,BrandC Milk,Dairy,BrandC,Germany,2022,34382,482035.64,94.22,31.62,0.336,A,X,AX,6.366877880184332,186,786,265,2.8,11,0.03,REORDER NOW,2022-12-31
SKU0061,BrandA Cheese,Dairy,BrandA,Germany,2022,37493,461163.9,102.63,34.44,0.336,A,X,AX,6.640418586789554,207,889,272,2.7,12,0.033,REORDER NOW,2022-12-31
SKU0064,BrandD Cheese,Dairy,BrandD,Germany,2022,36478,454151.1,100.0,32.51,0.325,A,X,AX,6.593676395289298,195,854,290,2.9,8,0.022,REORDER NOW,2022-12-31
SKU0100,BrandD Toothpaste,Personal Care,BrandD,Germany,2022,33622,451207.24,92.15,31.09,0.337,A,X,AX,6.6427163338453665,187,799,282,3.1,10,0.027,REORDER NOW,2022-12-31
SKU0041,BrandE Biscuits,Snacks,BrandE,Germany,2022,34651,419310.78,94.87,43.19,0.455,A,X,AX,6.507597286226319,257,874,395,4.2,14,0.038,REORDER NOW,2022-12-31
SKU0097,BrandA Toothpaste,Personal Care,BrandA,Germany,2022,27741,377555.01,76.03,25.79,0.339,A,X,AX,6.653084997439836,155,661,167,2.2,6,0.016,REORDER NOW,2022-12-31
SKU0028,BrandD Chips,Snacks,BrandD,Germany,2022,40027,375052.99,109.53,38.9,0.355,A,X,AX,6.51018305171531,231,944,433,4.0,11,0.03,REORDER NOW,2022-12-31
SKU0079,BrandA Cleaner,Home Care,BrandA,Germany,2022,37837,369461.83,103.53,42.67,0.412,A,X,AX,6.359126984126984,251,909,291,2.8,11,0.03,REORDER NOW,2022-12-31
SKU0038,BrandB Biscuits,Snacks,BrandB,Germany,2022,33398,364038.2,91.5,34.35,0.375,A,X,AX,6.368554787506401,202,785,330,3.6,16,0.044,REORDER NOW,2022-12-31
SKU0058,BrandD Milk,Dairy,BrandD,Germany,2022,36574,360985.38,100.16,37.05,0.37,A,X,AX,6.60507552483359,222,884,132,1.3,15,0.041,REORDER NOW,2022-12-31
SKU0005,BrandE Soda,Beverages,BrandE,Germany,2022,40215,357069.33,110.21,48.1,0.436,A,X,AX,6.57373271889401,287,1011,393,3.6,10,0.027,REORDER NOW,2022-12-31
SKU0002,BrandB Soda,Beverages,BrandB,Germany,2022,29454,331357.5,80.62,28.41,0.352,A,X,AX,6.537532002048131,169,696,273,3.4,13,0.036,REORDER NOW,2022-12-31
SKU0045,BrandC Nuts,Snacks,BrandC,Germany,2022,25528,325488.0,69.84,27.73,0.397,A,X,AX,6.641052227342549,166,630,399,5.7,8,0.022,REORDER NOW,2022-12-31
SKU0060,BrandF Milk,Dairy,BrandF,Germany,2022,23983,323770.5,65.74,21.32,0.324,A,X,AX,6.266231438812084,124,536,202,3.1,8,0.022,REORDER NOW,2022-12-31
SKU0001,BrandA Soda,Beverages,BrandA,Germany,2022,53164,314603.62,145.4,63.76,0.439,A,X,AX,6.689036098310292,384,1357,256,1.8,7,0.019,REORDER NOW,2022-12-31
SKU0047,BrandE Nuts,Snacks,BrandE,Germany,2022,26670,310705.5,73.09,23.66,0.324,A,X,AX,6.610483870967742,142,625,281,3.8,7,0.019,REORDER NOW,2022-12-31
SKU0013,BrandA Water,Beverages,BrandA,Germany,2022,43740,307052.67,119.69,50.44,0.421,A,X,AX,6.483320532514081,299,1075,304,2.5,9,0.025,REORDER NOW,2022-12-31
SKU0094,BrandD Soap,Personal Care,BrandD,Germany,2022,24427,303871.88,66.9,23.8,0.356,A,X,AX,6.534459805427548,142,579,468,7.0,9,0.025,REORDER NOW,2022-12-31
SKU0048,BrandF Nuts,Snacks,BrandF,Germany,2022,27375,303072.56,74.99,35.62,0.475,A,X,AX,6.2833205325140815,208,679,346,4.6,10,0.027,REORDER NOW,2022-12-31
SKU0069,BrandC Detergent,Home Care,BrandC,Germany,2022,36865,286343.62,101.06,45.28,0.448,A,X,AX,6.5402585765489,270,931,199,2.0,7,0.019,REORDER NOW,2022-12-31
SKU0032,BrandB Chocolate,Snacks,BrandB,Germany,2022,22862,270048.24,62.64,29.12,0.465,A,X,AX,6.503181003584229,173,580,277,4.4,11,0.03,REORDER NOW,2022-12-31
SKU0070,BrandD Detergent,Home Care,BrandD,Germany,2022,41123,250439.07,112.66,38.4,0.341,A,X,AX,6.526510496671787,229,964,361,3.2,11,0.03,REORDER NOW,2022-12-31
SKU0068,BrandB Detergent,Home Care,BrandB,Germany,2022,18610,247204.25,51.0,24.37,0.478,A,X,AX,6.6081669226830515,146,483,307,6.0,9,0.025,REORDER NOW,2022-12-31
SKU0074,BrandB Softener,Home Care,BrandB,Germany,2022,27366,243468.61,74.95,33.7,0.45,A,X,AX,6.504096262160778,200,687,333,4.4,9,0.025,REORDER NOW,2022-12-31
SKU0054,BrandF Yogurt,Dairy,BrandF,Germany,2022,37814,240308.74,103.45,46.36,0.448,A,X,AX,6.379192268305172,273,933,331,3.2,8,0.022,REORDER NOW,2022-12-31
SKU0082,BrandD Cleaner,Home Care,BrandD,Germany,2022,23882,235715.34,65.49,22.2,0.339,A,X,AX,6.49602534562212,132,557,430,6.6,10,0.027,REORDER NOW,2022-12-31
SKU0020,BrandB Energy drink,Beverages,BrandB,Germany,2022,22206,234939.48,60.83,23.89,0.393,A,X,AX,6.38271249359959,141,529,222,3.6,16,0.044,REORDER NOW,2022-12-31
SKU0071,BrandE Detergent,Home Care,BrandE,Germany,2022,12653,183088.91,34.65,11.71,0.338,A,X,AX,6.435477470558116,69,292,409,11.8,9,0.025,LOW,2022-12-31
SKU0078,BrandF Softener,Home Care,BrandF,Germany,2022,12176,180204.8,33.37,11.22,0.336,A,X,AX,6.581906041986687,67,287,301,9.0,11,0.03,LOW,2022-12-31
SKU0081,BrandC Cleaner,Home Care,BrandC,Germany,2022,27919,171701.85,76.39,25.62,0.335,A,X,AX,6.382520481310803,151,639,431,5.6,12,0.033,REORDER NOW,2022-12-31
SKU0053,BrandE Yogurt,Dairy,BrandE,Germany,2022,12483,171141.93,34.21,12.04,0.352,A,X,AX,6.4631528417818735,71,292,294,8.6,11,0.03,LOW,2022-12-31
SKU0023,BrandE Energy drink,Beverages,BrandE,Germany,2022,37883,165150.45,103.69,47.45,0.458,B,X,BX,6.471626984126984,199,870,451,4.3,11,0.03,REORDER NOW,2022-12-31
SKU0049,BrandA Yogurt,Dairy,BrandA,Germany,2022,19722,164087.04,54.03,17.66,0.327,B,X,BX,6.553328213005632,75,429,249,4.6,7,0.019,REORDER NOW,2022-12-31
SKU0076,BrandD Softener,Home Care,BrandD,Germany,2022,11938,163789.36,32.69,11.56,0.354,B,X,BX,6.253750640040963,48,252,328,10.0,12,0.033,LOW,2022-12-31
SKU0036,BrandF Chocolate,Snacks,BrandF,Germany,2022,14120,156833.84,38.68,18.2,0.47,B,X,BX,6.459152585765488,76,326,383,9.9,15,0.041,LOW,2022-12-31
SKU0080,BrandB Cleaner,Home Care,BrandB,Germany,2022,37740,153508.01,103.35,47.14,0.456,B,X,BX,6.532936507936508,199,874,249,2.4,17,0.047,REORDER NOW,2022-12-31
SKU0007,BrandA Juice,Beverages,BrandA,Germany,2022,11811,149409.15,32.32,12.44,0.385,B,X,BX,6.627848182283667,53,267,392,12.1,19,0.052,LOW,2022-12-31
SKU0102,BrandF Toothpaste,Personal Care,BrandF,Germany,2022,46173,139378.2,126.49,64.65,0.511,B,Y,BY,6.6379480286738355,275,1115,275,2.2,14,0.038,REORDER NOW,2022-12-31
SKU0009,BrandC Juice,Beverages,BrandC,Germany,2022,26225,137943.5,71.72,24.56,0.342,B,X,BX,6.655094726062468,105,582,317,4.4,12,0.033,REORDER NOW,2022-12-31
SKU0024,BrandF Energy drink,Beverages,BrandF,Germany,2022,25665,137564.4,70.22,23.77,0.339,B,X,BX,6.444457245263696,100,553,334,4.8,10,0.027,REORDER NOW,2022-12-31
SKU0033,BrandC Chocolate,Snacks,BrandC,Germany,2022,26973,132976.89,74.03,25.59,0.346,B,X,BX,6.438300051203277,107,584,237,3.2,10,0.027,REORDER NOW,2022-12-31
SKU0093,BrandC Soap,Personal Care,BrandC,Germany,2022,28598,131836.78,78.29,26.23,0.335,B,X,BX,6.6266705069124425,111,630,96,1.2,6,0.016,REORDER NOW,2022-12-31
SKU0034,BrandD Chocolate,Snacks,BrandD,Germany,2022,46170,129369.63,126.62,53.62,0.424,B,X,BX,6.424961597542243,224,1037,271,2.1,8,0.022,REORDER NOW,2022-12-31
SKU0010,BrandD Juice,Beverages,BrandD,Germany,2022,18864,124547.01,51.6,24.24,0.47,B,X,BX,6.500294418842806,102,437,222,4.3,18,0.049,REORDER NOW,2022-12-31
SKU0052,BrandD Yogurt,Dairy,BrandD,Germany,2022,22808,123163.2,62.44,22.05,0.353,B,X,BX,6.3509856630824375,92,489,362,5.8,14,0.038,REORDER NOW,2022-12-31
SKU0059,BrandE Milk,Dairy,BrandE,Germany,2022,9875,120968.75,27.08,9.77,0.361,B,X,BX,6.439452124935996,41,215,223,8.2,14,0.038,LOW,2022-12-31
SKU0072,BrandF Detergent,Home Care,BrandF,Germany,2022,14519,115571.24,39.79,13.94,0.35,B,X,BX,6.401536098310292,58,313,297,7.5,12,0.033,REORDER NOW,2022-12-31
SKU0016,BrandD Water,Beverages,BrandD,Germany,2022,12710,113866.05,34.78,15.47,0.445,B,X,BX,6.684389400921659,66,298,474,13.6,6,0.016,HEALTHY,2022-12-31
SKU0090,BrandF Shampoo,Personal Care,BrandF,Germany,2022,7970,112456.7,21.84,7.16,0.328,B,X,BX,6.549398361495136,30,173,177,8.1,6,0.016,LOW,2022-12-31
SKU0031,BrandA Chocolate,Snacks,BrandA,Germany,2022,17939,108224.54,49.17,22.98,0.467,B,X,BX,6.4779569892473114,97,415,329,6.7,16,0.044,REORDER NOW,2022-12-31
SKU0012,BrandF Juice,Beverages,BrandF,Germany,2022,22082,105282.06,60.4,29.48,0.488,B,X,BX,6.515642601126472,124,518,77,1.3,13,0.036,REORDER NOW,2022-12-31
SKU0098,BrandB Toothpaste,Personal Care,BrandB,Germany,2022,18984,102738.34,52.06,22.31,0.429,B,X,BX,6.509274193548387,94,433,544,10.5,8,0.022,LOW,2022-12-31
SKU0095,BrandE Soap,Personal Care,BrandE,Germany,2022,12190,102639.8,33.39,12.31,0.369,B,X,BX,6.4855606758832565,52,269,202,6.0,12,0.033,REORDER NOW,2022-12-31
SKU0011,BrandE Juice,Beverages,BrandE,Germany,2022,11019,99133.22,30.15,12.91,0.428,B,X,BX,6.377707373271889,54,246,364,12.1,10,0.027,LOW,2022-12-31
SKU0014,BrandB Water,Beverages,BrandB,Germany,2022,26073,99077.4,71.41,23.77,0.333,B,X,BX,6.636827956989247,101,575,363,5.1,10,0.027,REORDER NOW,2022-12-31
SKU0035,BrandE Chocolate,Snacks,BrandE,Germany,2022,48090,98103.6,131.9,46.52,0.353,B,X,BX,6.469866871479774,195,1048,401,3.0,7,0.019,REORDER NOW,2022-12-31
SKU0043,BrandA Nuts,Snacks,BrandA,Germany,2022,19144,96327.41,52.45,23.67,0.451,B,X,BX,6.88031233998976,102,463,146,2.8,12,0.033,REORDER NOW,2022-12-31
SKU0017,BrandE Water,Beverages,BrandE,Germany,2022,53777,96119.14,147.03,68.38,0.465,B,X,BX,6.416141833077316,286,1229,407,2.8,6,0.016,REORDER NOW,2022-12-31
SKU0088,BrandD Shampoo,Personal Care,BrandD,Germany,2022,9534,95626.02,26.11,9.76,0.374,B,X,BX,6.468260368663594,41,210,318,12.2,14,0.038,HEALTHY,2022-12-31
SKU0046,BrandD Nuts,Snacks,BrandD,Germany,2022,38071,95410.41,104.2,45.67,0.438,C,X,CX,6.512570404505888,149,828,327,3.1,11,0.03,REORDER NOW,2022-12-31
SKU0087,BrandC Shampoo,Personal Care,BrandC,Germany,2022,11649,95172.33,31.91,10.44,0.327,C,X,CX,6.487186379928315,34,241,351,11.0,15,0.041,LOW,2022-12-31
SKU0025,BrandA Chips,Snacks,BrandA,Germany,2022,10404,89994.6,28.47,9.13,0.321,C,X,CX,6.348828725038402,29,210,236,8.3,10,0.027,LOW,2022-12-31
SKU0063,BrandC Cheese,Dairy,BrandC,Germany,2022,22558,89972.96,61.81,26.13,0.423,C,X,CX,6.546204557091653,86,491,373,6.0,6,0.016,REORDER NOW,2022-12-31
SKU0066,BrandF Cheese,Dairy,BrandF,Germany,2022,13743,88982.27,37.66,17.77,0.472,C,X,CX,6.56395289298515,58,305,205,5.4,5,0.014,REORDER NOW,2022-12-31
SKU0096,BrandF Soap,Personal Care,BrandF,Germany,2022,37082,85288.6,101.52,36.08,0.355,C,X,CX,6.479704301075269,118,776,293,2.9,13,0.036,REORDER NOW,2022-12-31
SKU0004,BrandD Soda,Beverages,BrandD,Germany,2022,42000,76020.0,114.93,35.62,0.31,C,X,CX,6.664311315924219,118,884,311,2.7,6,0.016,REORDER NOW,2022-12-31
SKU0077,BrandE Softener,Home Care,BrandE,Germany,2022,25892,73208.1,70.9,35.33,0.498,C,X,CX,6.453257808499743,115,573,321,4.5,16,0.044,REORDER NOW,2022-12-31
SKU0021,BrandC Energy drink,Beverages,BrandC,Germany,2022,25600,69376.0,70.1,21.75,0.31,C,X,CX,6.54534690220174,71,530,289,4.1,5,0.014,REORDER NOW,2022-12-31
SKU0039,BrandC Biscuits,Snacks,BrandC,Germany,2022,5848,69006.4,16.03,5.34,0.333,C,X,CX,6.370852534562212,17,119,306,19.1,6,0.016,HEALTHY,2022-12-31
SKU0101,BrandE Toothpaste,Personal Care,BrandE,Germany,2022,7224,67063.85,19.79,8.95,0.452,C,X,CX,6.537480798771121,29,158,388,19.6,7,0.019,HEALTHY,2022-12-31
SKU0006,BrandF Soda,Beverages,BrandF,Germany,2022,53140,64782.75,145.33,65.12,0.448,C,X,CX,6.526958525345623,213,1162,241,1.7,15,0.041,REORDER NOW,2022-12-31
SKU0084,BrandF Cleaner,Home Care,BrandF,Germany,2022,10039,55114.11,27.51,9.66,0.351,C,X,CX,6.4940668202764975,32,211,337,12.3,10,0.027,HEALTHY,2022-12-31
SKU0040,BrandD Biscuits,Snacks,BrandD,Germany,2022,8800,49768.54,24.09,10.89,0.452,C,X,CX,6.498988735279059,36,193,442,18.3,7,0.019,HEALTHY,2022-12-31
SKU0056,BrandB Milk,Dairy,BrandB,Germany,2022,10296,48359.22,28.18,14.36,0.51,C,Y,CY,6.390591397849462,46,226,263,9.3,18,0.049,LOW,2022-12-31
SKU0015,BrandC Water,Beverages,BrandC,Germany,2022,5140,47750.6,14.06,4.81,0.342,C,X,CX,6.638856886840757,16,109,358,25.5,13,0.036,HEALTHY,2022-12-31
SKU0085,BrandA Shampoo,Personal Care,BrandA,Germany,2022,31269,46333.1,85.72,38.72,0.452,C,X,CX,6.5625960061443935,127,690,397,4.6,7,0.019,REORDER NOW,2022-12-31
SKU0091,BrandA Soap,Personal Care,BrandA,Germany,2022,8381,45016.62,22.96,10.76,0.469,C,X,CX,6.392249103942652,35,182,148,6.4,8,0.022,REORDER NOW,2022-12-31
SKU0019,BrandA Energy drink,Beverages,BrandA,Germany,2022,8625,42479.49,23.6,11.04,0.468,C,X,CX,6.522875064004096,36,190,244,10.3,4,0.011,LOW,2022-12-31
SKU0067,BrandA Detergent,Home Care,BrandA,Germany,2022,15648,41936.64,42.88,15.71,0.366,C,X,CX,6.550134408602151,51,332,453,10.6,16,0.044,LOW,2022-12-31
SKU0051,BrandC Yogurt,Dairy,BrandC,Germany,2022,27915,40197.6,76.48,26.53,0.347,C,X,CX,6.534741423451101,87,587,315,4.1,10,0.027,REORDER NOW,2022-12-31
SKU0037,BrandA Biscuits,Snacks,BrandA,Germany,2022,37046,40009.68,101.49,32.93,0.324,C,X,CX,6.583538146441373,108,776,332,3.3,10,0.027,REORDER NOW,2022-12-31
SKU0086,BrandB Shampoo,Personal Care,BrandB,Germany,2022,4063,39985.79,11.12,5.17,0.465,C,X,CX,6.41984126984127,17,88,177,15.9,9,0.025,HEALTHY,2022-12-31
SKU0008,BrandB Juice,Beverages,BrandB,Germany,2022,11123,39486.65,30.43,10.38,0.341,C,X,CX,6.787743215565796,35,242,365,12.0,7,0.019,HEALTHY,2022-12-31
SKU0062,BrandB Cheese,Dairy,BrandB,Germany,2022,6897,37588.65,18.88,6.55,0.347,C,X,CX,6.498451100870455,21,144,278,14.7,13,0.036,HEALTHY,2022-12-31
SKU0003,BrandC Soda,Beverages,BrandC,Germany,2022,9557,30391.26,26.15,9.31,0.356,C,X,CX,6.439311315924219,30,198,401,15.3,13,0.036,HEALTHY,2022-12-31
SKU0042,BrandF Biscuits,Snacks,BrandF,Germany,2022,5361,30182.43,14.68,4.97,0.339,C,X,CX,6.465431387608807,16,111,318,21.7,10,0.027,HEALTHY,2022-12-31
SKU0029,BrandE Chips,Snacks,BrandE,Germany,2022,12996,27568.14,35.59,16.31,0.458,C,X,CX,6.3838069636456725,53,280,347,9.8,15,0.041,LOW,2022-12-31
SKU0065,BrandE Cheese,Dairy,BrandE,Germany,2022,26032,26833.09,71.38,35.2,0.493,C,X,CX,6.438594470046083,114,574,276,3.9,13,0.036,REORDER NOW,2022-12-31
SKU0030,BrandF Chips,Snacks,BrandF,Germany,2022,15791,25739.33,43.27,15.92,0.368,C,X,CX,6.589375320020481,52,337,440,10.2,13,0.036,LOW,2022-12-31
SKU0075,BrandC Softener,Home Care,BrandC,Germany,2022,13922,23945.84,38.18,12.33,0.323,C,X,CX,6.347535842293907,40,282,318,8.3,10,0.027,LOW,2022-12-31
SKU0055,BrandA Milk,Dairy,BrandA,Germany,2022,5654,23746.8,15.49,5.06,0.326,C,X,CX,6.336347926267281,16,114,112,7.2,12,0.033,REORDER NOW,2022-12-31
SKU0073,BrandA Softener,Home Care,BrandA,Germany,2022,4056,20239.44,11.11,3.94,0.354,C,X,CX,6.540661802355351,13,86,332,29.9,12,0.033,HEALTHY,2022-12-31
SKU0050,BrandB Yogurt,Dairy,BrandB,Germany,2022,7017,9543.12,19.2,6.91,0.36,C,X,CX,6.5249999999999995,23,148,394,20.5,13,0.036,HEALTHY,2022-12-31
SKU0027,BrandC Chips,Snacks,BrandC,Italy,2022,32553,430561.13,89.16,42.12,0.472,A,X,AX,6.611616743471583,252,841,331,3.7,12,0.033,REORDER NOW,2022-12-31
SKU0057,BrandC Milk,Dairy,BrandC,Italy,2022,29600,414992.0,81.06,29.02,0.358,A,X,AX,6.418535586277522,171,691,296,3.7,13,0.036,REORDER NOW,2022-12-31
SKU0018,BrandF Water,Beverages,BrandF,Italy,2022,26798,389106.96,73.35,26.0,0.354,A,X,AX,6.441148233486943,154,626,342,4.7,15,0.041,REORDER NOW,2022-12-31
SKU0092,BrandB Soap,Personal Care,BrandB,Italy,2022,27038,377180.1,74.13,24.31,0.328,A,X,AX,6.567159498207886,145,632,203,2.7,12,0.033,REORDER NOW,2022-12-31
SKU0026,BrandB Chips,Snacks,BrandB,Italy,2022,25033,364730.81,68.55,23.1,0.337,A,X,AX,6.469086021505376,137,580,359,5.2,10,0.027,REORDER NOW,2022-12-31
SKU0064,BrandD Cheese,Dairy,BrandD,Italy,2022,27200,338640.0,74.53,22.98,0.308,A,X,AX,6.398681515617,135,612,212,2.8,7,0.019,REORDER NOW,2022-12-31
SKU0099,BrandC Toothpaste,Personal Care,BrandC,Italy,2022,32328,337985.63,88.62,36.72,0.414,A,X,AX,6.424571172555043,217,786,351,4.0,5,0.014,REORDER NOW,2022-12-31
SKU0061,BrandA Cheese,Dairy,BrandA,Italy,2022,26984,331903.2,73.94,24.94,0.337,A,X,AX,6.373777521761393,147,618,265,3.6,11,0.03,REORDER NOW,2022-12-31
SKU0100,BrandD Toothpaste,Personal Care,BrandD,Italy,2022,23622,317007.24,64.77,24.3,0.375,A,X,AX,6.621876600102406,146,575,202,3.1,11,0.03,REORDER NOW,2022-12-31
SKU0041,BrandE Biscuits,Snacks,BrandE,Italy,2022,23818,287950.96,65.32,31.24,0.478,A,X,AX,6.290335381464414,183,594,331,5.1,14,0.038,REORDER NOW,2022-12-31
SKU0028,BrandD Chips,Snacks,BrandD,Italy,2022,28540,267419.8,78.18,27.54,0.352,A,X,AX,6.474679979518689,163,669,310,4.0,12,0.033,REORDER NOW,2022-12-31
SKU0079,BrandA Cleaner,Home Care,BrandA,Italy,2022,27428,266798.43,75.15,36.53,0.486,A,X,AX,6.693804403481823,220,723,283,3.8,11,0.03,REORDER NOW,2022-12-31
SKU0097,BrandA Toothpaste,Personal Care,BrandA,Italy,2022,19461,264864.21,53.31,18.74,0.352,A,X,AX,6.498585509472606,111,457,327,6.1,16,0.044,REORDER NOW,2022-12-31
SKU0058,BrandD Milk,Dairy,BrandD,Italy,2022,26691,263440.17,73.13,23.83,0.326,A,X,AX,6.639983358934972,143,629,294,4.0,13,0.036,REORDER NOW,2022-12-31
SKU0038,BrandB Biscuits,Snacks,BrandB,Italy,2022,23590,257131.0,64.63,22.17,0.343,A,X,AX,6.5108486943164365,132,553,353,5.5,8,0.022,REORDER NOW,2022-12-31
SKU0005,BrandE Soda,Beverages,BrandE,Italy,2022,28746,255478.88,78.72,35.75,0.454,A,X,AX,6.489983358934972,212,723,315,4.0,10,0.027,REORDER NOW,2022-12-31
SKU0002,BrandB Soda,Beverages,BrandB,Italy,2022,21259,239163.75,58.16,21.41,0.368,A,X,AX,6.5961149513568875,128,512,252,4.3,12,0.033,REORDER NOW,2022-12-31
SKU0060,BrandF Milk,Dairy,BrandF,Italy,2022,17212,232362.0,47.17,16.58,0.351,A,X,AX,6.528961853558627,99,407,267,5.7,9,0.025,REORDER NOW,2022-12-31
SKU0045,BrandC Nuts,Snacks,BrandC,Italy,2022,18284,231956.63,50.06,22.92,0.458,A,X,AX,6.435605478750641,135,457,385,7.7,11,0.03,REORDER NOW,2022-12-31
SKU0044,BrandB Nuts,Snacks,BrandB,Italy,2022,20527,230107.67,56.26,20.48,0.364,A,X,AX,6.4379928315412185,121,483,257,4.6,14,0.038,REORDER NOW,2022-12-31
SKU0001,BrandA Soda,Beverages,BrandA,Italy,2022,37624,221755.27,102.94,48.25,0.469,A,X,AX,6.438306451612903,285,948,452,4.4,11,0.03,REORDER NOW,2022-12-31
SKU0047,BrandE Nuts,Snacks,BrandE,Italy,2022,18726,218157.9,51.29,17.5,0.341,A,X,AX,6.534165386584742,104,439,141,2.7,9,0.025,REORDER NOW,2022-12-31
SKU0013,BrandA Water,Beverages,BrandA,Italy,2022,31090,217819.24,85.08,36.28,0.426,A,X,AX,6.199737583205326,210,737,367,4.3,13,0.036,REORDER NOW,2022-12-31
SKU0048,BrandF Nuts,Snacks,BrandF,Italy,2022,19336,215453.99,53.02,23.74,0.448,A,X,AX,6.529761904761905,141,487,291,5.5,10,0.027,REORDER NOW,2022-12-31
SKU0094,BrandD Soap,Personal Care,BrandD,Italy,2022,17159,213457.96,46.97,17.84,0.38,A,X,AX,6.219322836661546,104,396,218,4.6,15,0.041,REORDER NOW,2022-12-31
SKU0069,BrandC Detergent,Home Care,BrandC,Italy,2022,25252,196362.5,69.17,32.73,0.473,A,X,AX,6.403942652329749,193,636,268,3.9,10,0.027,REORDER NOW,2022-12-31
SKU0032,BrandB Chocolate,Snacks,BrandB,Italy,2022,16348,193532.85,44.76,21.33,0.477,A,X,AX,6.522753456221198,127,419,271,6.1,11,0.03,REORDER NOW,2022-12-31
SKU0070,BrandD Detergent,Home Care,BrandD,Italy,2022,29301,178443.09,80.27,26.82,0.334,A,X,AX,6.243746799795186,156,657,180,2.2,8,0.022,REORDER NOW,2022-12-31
SKU0054,BrandF Yogurt,Dairy,BrandF,Italy,2022,28062,178191.54,76.83,33.51,0.436,A,X,AX,6.558621351766512,200,704,357,4.6,11,0.03,REORDER NOW,2022-12-31
SKU0068,BrandB Detergent,Home Care,BrandB,Italy,2022,13345,177211.03,36.58,16.72,0.457,A,X,AX,6.608013312852022,100,342,283,7.7,9,0.025,REORDER NOW,2022-12-31
SKU0082,BrandD Cleaner,Home Care,BrandD,Italy,2022,17508,172803.96,47.97,16.86,0.352,A,X,AX,6.587640809011777,101,417,350,7.3,10,0.027,REORDER NOW,2022-12-31
SKU0020,BrandB Energy drink,Beverages,BrandB,Italy,2022,16278,172221.24,44.57,15.27,0.343,A,X,AX,6.649071940604198,92,388,435,9.8,13,0.036,LOW,2022-12-31
SKU0074,BrandB Softener,Home Care,BrandB,Italy,2022,18817,168125.42,51.56,21.87,0.424,A,X,AX,6.697811059907834,132,477,330,6.4,7,0.019,REORDER NOW,2022-12-31
SKU0071,BrandE Detergent,Home Care,BrandE,Italy,2022,9227,133514.69,25.27,8.6,0.34,A,X,AX,6.4786866359447,51,215,353,14.0,10,0.027,HEALTHY,2022-12-31
SKU0089,BrandE Shampoo,Personal Care,BrandE,Italy,2022,12378,132073.26,33.91,11.57,0.341,A,X,AX,6.421153353814645,68,286,380,11.2,11,0.03,LOW,2022-12-31
SKU0080,BrandB Cleaner,Home Care,BrandB,Italy,2022,31208,127032.88,85.56,38.72,0.453,A,X,AX,6.596294162826421,232,796,479,5.6,7,0.019,REORDER NOW,2022-12-31
SKU0078,BrandF Softener,Home Care,BrandF,Italy,2022,8430,124764.0,23.09,8.81,0.382,A,X,AX,6.605677163338453,53,206,393,17.0,15,0.041,HEALTHY,2022-12-31
SKU0081,BrandC Cleaner,Home Care,BrandC,Italy,2022,20216,124328.4,55.41,18.97,0.342,A,X,AX,6.447862263184844,112,469,250,4.5,11,0.03,REORDER NOW,2022-12-31
SKU0053,BrandE Yogurt,Dairy,BrandE,Italy,2022,9041,123952.11,24.77,8.68,0.35,B,X,BX,6.411296722990271,36,195,337,13.6,11,0.03,HEALTHY,2022-12-31
SKU0076,BrandD Softener,Home Care,BrandD,Italy,2022,8777,120420.44,24.04,8.45,0.351,B,X,BX,6.456554019457244,35,190,243,10.1,15,0.041,LOW,2022-12-31
SKU0023,BrandE Energy drink,Beverages,BrandE,Italy,2022,27215,118701.22,74.47,33.78,0.454,B,X,BX,6.363492063492064,141,615,331,4.4,9,0.025,REORDER NOW,2022-12-31
SKU0072,BrandF Detergent,Home Care,BrandF,Italy,2022,14681,116860.76,40.21,13.92,0.346,B,X,BX,6.3961789554531485,58,315,315,7.8,11,0.03,REORDER NOW,2022-12-31
SKU0049,BrandA Yogurt,Dairy,BrandA,Italy,2022,13968,116213.76,38.28,11.81,0.309,B,X,BX,6.550473630312339,50,301,429,11.2,9,0.025,LOW,2022-12-31
SKU0036,BrandF Chocolate,Snacks,BrandF,Italy,2022,9923,109921.63,27.16,12.92,0.476,B,X,BX,6.65231694828469,55,236,227,8.4,15,0.041,REORDER NOW,2022-12-31
SKU0007,BrandA Juice,Beverages,BrandA,Italy,2022,8646,109371.9,23.68,8.26,0.349,B,X,BX,6.498047875064004,35,189,195,8.2,16,0.044,LOW,2022-12-31
SKU0102,BrandF Toothpaste,Personal Care,BrandF,Italy,2022,33407,101211.12,91.5,40.33,0.441,B,X,BX,6.61150153609831,171,776,325,3.6,9,0.025,REORDER NOW,2022-12-31
SKU0009,BrandC Juice,Beverages,BrandC,Italy,2022,18479,97199.54,50.57,17.87,0.353,B,X,BX,6.465360983102919,75,402,374,7.4,17,0.047,REORDER NOW,2022-12-31
SKU0024,BrandF Energy drink,Beverages,BrandF,Italy,2022,17963,96281.68,49.17,18.26,0.371,B,X,BX,6.399091141833078,76,391,276,5.6,10,0.027,REORDER NOW,2022-12-31
SKU0033,BrandC Chocolate,Snacks,BrandC,Italy,2022,19348,95385.64,53.06,19.69,0.371,B,X,BX,6.52547363031234,83,429,308,5.8,13,0.036,REORDER NOW,2022-12-31
SKU0093,BrandC Soap,Personal Care,BrandC,Italy,2022,20188,93066.68,55.32,19.47,0.352,B,X,BX,6.489074500768049,82,441,348,6.3,10,0.027,REORDER NOW,2022-12-31
SKU0034,BrandD Chocolate,Snacks,BrandD,Italy,2022,33078,92085.32,90.69,43.7,0.482,B,X,BX,6.448924731182796,183,768,202,2.2,14,0.038,REORDER NOW,2022-12-31
SKU0010,BrandD Juice,Beverages,BrandD,Italy,2022,13423,88470.72,36.77,17.39,0.473,B,X,BX,6.328494623655914,72,305,244,6.6,10,0.027,REORDER NOW,2022-12-31
SKU0059,BrandE Milk,Dairy,BrandE,Italy,2022,7063,86521.75,19.36,6.95,0.359,B,X,BX,6.387909626216078,29,153,279,14.4,9,0.025,HEALTHY,2022-12-31
SKU0052,BrandD Yogurt,Dairy,BrandD,Italy,2022,16014,86475.6,43.88,14.39,0.328,B,X,BX,6.422465437788019,60,342,346,7.9,7,0.019,LOW,2022-12-31
SKU0090,BrandF Shampoo,Personal Care,BrandF,Italy,2022,5824,82176.64,15.96,5.7,0.357,B,X,BX,6.59071300563236,24,129,156,9.8,15,0.041,LOW,2022-12-31
SKU0031,BrandA Chocolate,Snacks,BrandA,Italy,2022,13260,79814.15,36.36,16.04,0.441,B,X,BX,6.633966973886328,68,309,409,11.2,8,0.022,LOW,2022-12-31
SKU0016,BrandD Water,Beverages,BrandD,Italy,2022,8788,78556.38,24.07,10.84,0.45,B,X,BX,6.5547811059907835,46,204,345,14.3,10,0.027,HEALTHY,2022-12-31
SKU0012,BrandF Juice,Beverages,BrandF,Italy,2022,16223,77406.43,44.42,20.22,0.455,B,X,BX,6.629243471582181,86,380,320,7.2,15,0.041,REORDER NOW,2022-12-31
SKU0095,BrandE Soap,Personal Care,BrandE,Italy,2022,8801,74104.42,24.12,8.14,0.338,B,X,BX,6.455849974398362,34,190,237,9.8,10,0.027,LOW,2022-12-31
SKU0098,BrandB Toothpaste,Personal Care,BrandB,Italy,2022,13658,73769.3,37.37,16.83,0.45,B,X,BX,6.50808371735791,71,314,252,6.7,9,0.025,REORDER NOW,2022-12-31
SKU0035,BrandE Chocolate,Snacks,BrandE,Italy,2022,35949,73335.96,98.58,29.89,0.303,B,X,BX,6.605043522785458,127,778,291,3.0,6,0.016,REORDER NOW,2022-12-31
SKU0014,BrandB Water,Beverages,BrandB,Italy,2022,18778,71356.4,51.4,18.71,0.364,B,X,BX,6.589010496671787,79,418,203,3.9,13,0.036,REORDER NOW,2022-12-31
SKU0087,BrandC Shampoo,Personal Care,BrandC,Italy,2022,8339,68129.63,22.85,8.07,0.353,B,X,BX,6.653187403993855,34,186,390,17.1,9,0.025,HEALTHY,2022-12-31
SKU0088,BrandD Shampoo,Personal Care,BrandD,Italy,2022,6788,68083.64,18.59,6.42,0.345,B,X,BX,6.547606246799795,27,149,261,14.0,10,0.027,HEALTHY,2022-12-31
SKU0017,BrandE Water,Beverages,BrandE,Italy,2022,37568,67348.77,102.81,49.89,0.485,B,X,BX,6.474590373783922,209,875,305,3.0,11,0.03,REORDER NOW,2022-12-31
SKU0043,BrandA Nuts,Snacks,BrandA,Italy,2022,13429,67344.08,36.8,18.25,0.496,B,X,BX,6.472273425499232,77,315,163,4.4,17,0.047,REORDER NOW,2022-12-31
SKU0011,BrandE Juice,Beverages,BrandE,Italy,2022,7460,67037.39,20.43,9.71,0.475,B,X,BX,6.480376344086022,41,173,189,9.3,18,0.049,LOW,2022-12-31
SKU0046,BrandD Nuts,Snacks,BrandD,Italy,2022,26111,65406.22,71.52,31.91,0.446,C,X,CX,6.550531233998975,105,574,292,4.1,15,0.041,REORDER NOW,2022-12-31
SKU0063,BrandC Cheese,Dairy,BrandC,Italy,2022,16274,64600.61,44.59,19.66,0.441,C,X,CX,6.3235151049667175,63,345,326,7.3,8,0.022,REORDER NOW,2022-12-31
SKU0025,BrandA Chips,Snacks,BrandA,Italy,2022,7333,63430.45,20.1,6.94,0.345,C,X,CX,6.600448028673835,23,156,261,13.0,11,0.03,HEALTHY,2022-12-31
SKU0096,BrandF Soap,Personal Care,BrandF,Italy,2022,27462,63162.6,75.22,27.17,0.361,C,X,CX,6.524756784434204,89,580,212,2.8,11,0.03,REORDER NOW,2022-12-31
SKU0066,BrandF Cheese,Dairy,BrandF,Italy,2022,9497,61508.01,26.0,11.58,0.446,C,X,CX,6.36738991295443,37,203,203,7.8,6,0.016,REORDER NOW,2022-12-31
SKU0083,BrandE Cleaner,Home Care,BrandE,Italy,2022,25522,57679.72,69.92,23.18,0.332,C,X,CX,6.392069892473118,75,522,252,3.6,12,0.033,REORDER NOW,2022-12-31
SKU0004,BrandD Soda,Beverages,BrandD,Italy,2022,29636,53641.16,81.07,27.73,0.342,C,X,CX,6.429166666666667,90,611,427,5.3,11,0.03,REORDER NOW,2022-12-31
SKU0077,BrandE Softener,Home Care,BrandE,Italy,2022,18645,52671.84,51.12,24.93,0.488,C,X,CX,6.450179211469535,81,411,277,5.4,12,0.033,REORDER NOW,2022-12-31
SKU0039,BrandC Biscuits,Snacks,BrandC,Italy,2022,4278,50480.4,11.72,3.96,0.338,C,X,CX,6.626868919610856,13,91,134,11.4,7,0.019,LOW,2022-12-31
SKU0006,BrandF Soda,Beverages,BrandF,Italy,2022,39732,48324.44,108.85,48.46,0.445,C,X,CX,6.49205069124424,158,865,256,2.4,8,0.022,REORDER NOW,2022-12-31
SKU0021,BrandC Energy drink,Beverages,BrandC,Italy,2022,17780,48183.8,48.64,16.76,0.344,C,X,CX,6.26865719406042,54,359,499,10.3,15,0.041,LOW,2022-12-31
SKU0101,BrandE Toothpaste,Personal Care,BrandE,Italy,2022,5043,46953.47,13.81,6.39,0.462,C,X,CX,6.496850998463902,21,111,249,18.0,8,0.022,HEALTHY,2022-12-31
SKU0022,BrandD Energy drink,Beverages,BrandD,Italy,2022,31107,46038.36,85.13,30.97,0.364,C,X,CX,6.645846134152586,102,668,255,3.0,10,0.027,REORDER NOW,2022-12-31
SKU0084,BrandF Cleaner,Home Care,BrandF,Italy,2022,7217,39621.33,19.79,6.63,0.335,C,X,CX,6.622670250896057,22,153,210,10.6,15,0.041,LOW,2022-12-31
SKU0085,BrandA Shampoo,Personal Care,BrandA,Italy,2022,25862,38184.95,70.88,34.29,0.484,C,X,CX,6.513652073732719,112,574,351,5.0,8,0.022,REORDER NOW,2022-12-31
SKU0040,BrandD Biscuits,Snacks,BrandD,Italy,2022,6454,36278.92,17.68,8.86,0.501,C,Y,CY,6.422049411162315,29,143,369,20.9,13,0.036,HEALTHY,2022-12-31
SKU0056,BrandB Milk,Dairy,BrandB,Italy,2022,7478,35131.04,20.46,10.71,0.523,C,Y,CY,6.61060547875064,35,170,259,12.7,16,0.044,HEALTHY,2022-12-31
SKU0015,BrandC Water,Beverages,BrandC,Italy,2022,3730,34651.7,10.2,3.5,0.343,C,X,CX,6.412461597542243,11,76,359,35.2,9,0.025,OVERSTOCK,2022-12-31
SKU0091,BrandA Soap,Personal Care,BrandA,Italy,2022,5950,31979.07,16.32,7.84,0.48,C,X,CX,6.641769073220686,26,134,350,21.4,10,0.027,HEALTHY,2022-12-31
SKU0019,BrandA Energy drink,Beverages,BrandA,Italy,2022,6128,30294.68,16.77,8.0,0.477,C,X,CX,6.527425755248335,26,135,320,19.1,14,0.038,HEALTHY,2022-12-31
SKU0067,BrandA Detergent,Home Care,BrandA,Italy,2022,11019,29530.92,30.19,11.25,0.373,C,X,CX,6.440335381464414,37,231,361,12.0,17,0.047,HEALTHY,2022-12-31
SKU0051,BrandC Yogurt,Dairy,BrandC,Italy,2022,19982,28774.08,54.74,17.48,0.319,C,X,CX,6.377873783922172,57,406,182,3.3,8,0.022,REORDER NOW,2022-12-31
SKU0037,BrandA Biscuits,Snacks,BrandA,Italy,2022,26260,28360.8,71.93,24.42,0.34,C,X,CX,6.705459549411162,81,563,306,4.3,9,0.025,REORDER NOW,2022-12-31
SKU0008,BrandB Juice,Beverages,BrandB,Italy,2022,7864,27917.2,21.53,7.47,0.347,C,X,CX,6.641679467485919,25,168,411,19.1,13,0.036,HEALTHY,2022-12-31
SKU0062,BrandB Cheese,Dairy,BrandB,Italy,2022,5054,27544.3,13.85,4.78,0.345,C,X,CX,6.448310291858679,16,105,226,16.3,10,0.027,HEALTHY,2022-12-31
SKU0086,BrandB Shampoo,Personal Care,BrandB,Italy,2022,2755,27116.09,7.54,3.45,0.457,C,X,CX,6.604403481822836,11,61,197,26.1,10,0.027,HEALTHY,2022-12-31
SKU0029,BrandE Chips,Snacks,BrandE,Italy,2022,10968,23198.58,30.04,13.51,0.45,C,X,CX,6.409831029185868,44,237,164,5.5,11,0.03,REORDER NOW,2022-12-31
SKU0003,BrandC Soda,Beverages,BrandC,Italy,2022,7061,22453.98,19.33,6.32,0.327,C,X,CX,6.4747247823860725,21,146,204,10.6,10,0.027,LOW,2022-12-31
SKU0042,BrandF Biscuits,Snacks,BrandF,Italy,2022,3706,20864.78,10.15,3.59,0.354,C,X,CX,6.408083717357911,12,77,301,29.6,12,0.033,HEALTHY,2022-12-31
SKU0065,BrandE Cheese,Dairy,BrandE,Italy,2022,19537,20108.64,53.56,25.08,0.468,C,X,CX,6.5678251408090125,82,434,282,5.3,11,0.03,REORDER NOW,2022-12-31
SKU0030,BrandF Chips,Snacks,BrandF,Italy,2022,11571,18860.73,31.69,10.97,0.346,C,X,CX,6.35165770609319,35,236,371,11.7,10,0.027,HEALTHY,2022-12-31
SKU0055,BrandA Milk,Dairy,BrandA,Italy,2022,4026,16909.2,11.03,3.92,0.355,C,X,CX,6.621006144393242,13,86,173,15.7,16,0.044,HEALTHY,2022-12-31
SKU0075,BrandC Softener,Home Care,BrandC,Italy,2022,9671,16634.12,26.5,9.12,0.344,C,X,CX,6.571979006656426,30,204,348,13.1,10,0.027,HEALTHY,2022-12-31
SKU0073,BrandA Softener,Home Care,BrandA,Italy,2022,2871,14326.29,7.87,2.75,0.349,C,X,CX,6.383243727598566,9,59,249,31.6,12,0.033,OVERSTOCK,2022-12-31
SKU0050,BrandB Yogurt,Dairy,BrandB,Italy,2022,4833,6572.88,13.25,4.67,0.352,C,X,CX,6.5806771633384535,15,102,252,19.0,10,0.027,HEALTHY,2022-12-31
SKU0027,BrandC Chips,Snacks,BrandC,Poland,2022,46850,620660.73,128.46,58.47,0.455,A,X,AX,6.509120583717358,348,1184,465,3.6,9,0.025,REORDER NOW,2022-12-31
SKU0018,BrandF Water,Beverages,BrandF,Poland,2022,40229,584125.08,110.17,35.14,0.319,A,X,AX,6.477214541730671,208,922,342,3.1,8,0.022,REORDER NOW,2022-12-31
SKU0026,BrandB Chips,Snacks,BrandB,Poland,2022,35084,511173.88,96.17,32.89,0.342,A,X,AX,6.57217741935484,196,828,253,2.6,6,0.016,REORDER NOW,2022-12-31
SKU0057,BrandC Milk,Dairy,BrandC,Poland,2022,33722,472782.44,92.4,32.4,0.351,A,X,AX,6.452150537634409,192,788,403,4.4,11,0.03,REORDER NOW,2022-12-31
SKU0064,BrandD Cheese,Dairy,BrandD,Poland,2022,37267,463974.15,102.14,32.4,0.317,A,X,AX,6.439836149513568,192,850,160,1.6,7,0.019,REORDER NOW,2022-12-31
SKU0100,BrandD Toothpaste,Personal Care,BrandD,Poland,2022,33554,450294.68,92.0,31.13,0.338,A,X,AX,6.311450332821301,182,763,313,3.4,10,0.027,REORDER NOW,2022-12-31
SKU0041,BrandE Biscuits,Snacks,BrandE,Poland,2022,35659,429571.42,97.77,44.94,0.46,A,X,AX,6.580811571940604,269,912,301,3.1,8,0.022,REORDER NOW,2022-12-31
SKU0028,BrandD Chips,Snacks,BrandD,Poland,2022,42145,394898.65,115.37,37.18,0.322,A,X,AX,6.628116999487967,223,988,416,3.6,6,0.016,REORDER NOW,2022-12-31
SKU0079,BrandA Cleaner,Home Care,BrandA,Poland,2022,38730,377303.63,106.06,49.86,0.47,A,X,AX,6.591794674859191,298,997,200,1.9,10,0.027,REORDER NOW,2022-12-31
SKU0058,BrandD Milk,Dairy,BrandD,Poland,2022,37698,372079.26,103.31,32.96,0.319,A,X,AX,6.423278289810548,195,859,386,3.7,9,0.025,REORDER NOW,2022-12-31
SKU0005,BrandE Soda,Beverages,BrandE,Poland,2022,40742,361587.61,111.72,51.69,0.463,A,X,AX,6.568490783410138,309,1043,442,4.0,14,0.038,REORDER NOW,2022-12-31
SKU0038,BrandB Biscuits,Snacks,BrandB,Poland,2022,32267,351710.3,88.34,30.97,0.351,A,X,AX,6.270468509984639,181,735,287,3.2,11,0.03,REORDER NOW,2022-12-31
SKU0002,BrandB Soda,Beverages,BrandB,Poland,2022,29889,336251.25,81.81,27.39,0.335,A,X,AX,6.236194316436252,159,669,169,2.1,11,0.03,REORDER NOW,2022-12-31
SKU0060,BrandF Milk,Dairy,BrandF,Poland,2022,24049,324661.5,65.93,21.02,0.319,A,X,AX,6.438204045058884,124,548,334,5.1,11,0.03,REORDER NOW,2022-12-31
SKU0045,BrandC Nuts,Snacks,BrandC,Poland,2022,25490,322728.87,69.83,33.43,0.479,A,X,AX,6.455574756784434,198,649,356,5.1,14,0.038,REORDER NOW,2022-12-31
SKU0001,BrandA Soda,Beverages,BrandA,Poland,2022,52500,309034.43,143.63,66.39,0.462,A,X,AX,6.430657962109575,392,1316,347,2.4,8,0.022,REORDER NOW,2022-12-31
SKU0013,BrandA Water,Beverages,BrandA,Poland,2022,43979,307233.47,120.25,53.31,0.443,A,X,AX,6.516039426523297,317,1101,235,2.0,10,0.027,REORDER NOW,2022-12-31
SKU0094,BrandD Soap,Personal Care,BrandD,Poland,2022,24497,304742.68,67.04,23.51,0.351,A,X,AX,6.503641833077317,140,576,422,6.3,12,0.033,REORDER NOW,2022-12-31
SKU0048,BrandF Nuts,Snacks,BrandF,Poland,2022,27407,304510.9,75.02,34.45,0.459,A,X,AX,6.59516129032258,206,701,349,4.7,11,0.03,REORDER NOW,2022-12-31
SKU0070,BrandD Detergent,Home Care,BrandD,Poland,2022,41076,250152.84,112.51,37.44,0.333,A,X,AX,6.6463261648745515,225,973,443,3.9,5,0.014,REORDER NOW,2022-12-31
SKU0054,BrandF Yogurt,Dairy,BrandF,Poland,2022,38746,246253.12,106.18,44.62,0.42,A,X,AX,6.390693804403482,263,942,260,2.4,11,0.03,REORDER NOW,2022-12-31
SKU0020,BrandB Energy drink,Beverages,BrandB,Poland,2022,23109,244493.22,63.24,20.12,0.318,A,X,AX,6.657930107526881,121,542,444,7.0,5,0.014,REORDER NOW,2022-12-31
SKU0068,BrandB Detergent,Home Care,BrandB,Poland,2022,18102,239819.54,49.58,24.23,0.489,A,X,AX,6.54244111623144,144,468,205,4.1,9,0.025,REORDER NOW,2022-12-31
SKU0074,BrandB Softener,Home Care,BrandB,Poland,2022,26762,238336.75,73.33,32.21,0.439,A,X,AX,6.577003328213006,192,674,283,3.9,9,0.025,REORDER NOW,2022-12-31
SKU0082,BrandD Cleaner,Home Care,BrandD,Poland,2022,24076,237630.12,65.99,22.71,0.344,A,X,AX,6.530011520737328,135,566,195,3.0,9,0.025,REORDER NOW,2022-12-31
SKU0089,BrandE Shampoo,Personal Care,BrandE,Poland,2022,18416,196498.72,50.46,17.55,0.348,A,X,AX,6.627918586789555,105,439,287,5.7,11,0.03,REORDER NOW,2022-12-31
SKU0071,BrandE Detergent,Home Care,BrandE,Poland,2022,12785,184998.95,35.04,11.34,0.324,A,X,AX,6.610349462365591,68,300,367,10.5,9,0.025,LOW,2022-12-31
SKU0081,BrandC Cleaner,Home Care,BrandC,Poland,2022,27877,171443.55,76.39,26.49,0.347,A,X,AX,6.538850486431131,158,657,332,4.3,11,0.03,REORDER NOW,2022-12-31
SKU0053,BrandE Yogurt,Dairy,BrandE,Poland,2022,12267,168180.57,33.59,12.1,0.36,A,X,AX,6.482008448540706,72,290,174,5.2,7,0.019,REORDER NOW,2022-12-31
SKU0076,BrandD Softener,Home Care,BrandD,Poland,2022,12140,166560.8,33.25,11.61,0.349,B,X,BX,6.62249743983615,49,269,331,10.0,14,0.038,LOW,2022-12-31
SKU0023,BrandE Energy drink,Beverages,BrandE,Poland,2022,36880,161495.77,100.93,46.15,0.457,B,X,BX,6.354173067076292,192,833,358,3.5,10,0.027,REORDER NOW,2022-12-31
SKU0036,BrandF Chocolate,Snacks,BrandF,Poland,2022,14142,157837.69,38.75,16.5,0.426,B,X,BX,6.500409626216078,69,321,292,7.5,10,0.027,REORDER NOW,2022-12-31
SKU0007,BrandA Juice,Beverages,BrandA,Poland,2022,12423,157150.95,33.98,11.55,0.34,B,X,BX,6.361226318484383,48,264,242,7.1,15,0.041,REORDER NOW,2022-12-31
SKU0049,BrandA Yogurt,Dairy,BrandA,Poland,2022,18781,156257.92,51.44,19.15,0.372,B,X,BX,6.41378648233487,80,410,327,6.4,16,0.044,REORDER NOW,2022-12-31
SKU0080,BrandB Cleaner,Home Care,BrandB,Poland,2022,36268,147949.15,99.45,42.63,0.429,B,X,BX,6.805689964157707,183,860,454,4.6,8,0.022,REORDER NOW,2022-12-31
SKU0102,BrandF Toothpaste,Personal Care,BrandF,Poland,2022,46586,141413.73,127.74,58.78,0.46,B,X,BX,6.45899897593446,246,1071,330,2.6,7,0.019,REORDER NOW,2022-12-31
SKU0033,BrandC Chocolate,Snacks,BrandC,Poland,2022,28466,140337.38,78.19,27.61,0.353,B,X,BX,6.458634152585765,116,621,174,2.2,11,0.03,REORDER NOW,2022-12-31
SKU0009,BrandC Juice,Beverages,BrandC,Poland,2022,25530,134287.8,69.88,23.38,0.335,B,X,BX,6.479889912954429,98,551,301,4.3,11,0.03,REORDER NOW,2022-12-31
SKU0034,BrandD Chocolate,Snacks,BrandD,Poland,2022,46164,128558.23,126.45,57.44,0.454,B,X,BX,6.689912954429083,245,1091,427,3.4,11,0.03,REORDER NOW,2022-12-31
SKU0010,BrandD Juice,Beverages,BrandD,Poland,2022,19270,126712.39,52.78,25.07,0.475,B,X,BX,6.418580389144906,105,444,227,4.3,10,0.027,REORDER NOW,2022-12-31
SKU0052,BrandD Yogurt,Dairy,BrandD,Poland,2022,22934,123843.6,62.83,22.57,0.359,B,X,BX,6.509831029185868,95,504,283,4.5,16,0.044,REORDER NOW,2022-12-31
SKU0072,BrandF Detergent,Home Care,BrandF,Poland,2022,14098,112220.08,38.64,13.95,0.361,B,X,BX,6.350646441372248,58,303,305,7.9,12,0.033,LOW,2022-12-31
SKU0031,BrandA Chocolate,Snacks,BrandA,Poland,2022,18540,111295.7,50.86,24.31,0.478,B,X,BX,6.420692524321557,102,429,268,5.3,11,0.03,REORDER NOW,2022-12-31
SKU0016,BrandD Water,Beverages,BrandD,Poland,2022,12167,108776.32,33.32,15.98,0.48,B,X,BX,6.444348438300051,67,282,296,8.9,17,0.047,LOW,2022-12-31
SKU0098,BrandB Toothpaste,Personal Care,BrandB,Poland,2022,19543,105408.42,53.51,24.95,0.466,B,X,BX,6.635330261136713,106,461,315,5.9,8,0.022,REORDER NOW,2022-12-31
SKU0095,BrandE Soap,Personal Care,BrandE,Poland,2022,12376,104205.92,33.93,11.45,0.337,B,X,BX,6.410784690220175,48,266,189,5.6,12,0.033,REORDER NOW,2022-12-31
SKU0012,BrandF Juice,Beverages,BrandF,Poland,2022,21357,102280.97,58.43,28.06,0.48,B,X,BX,6.5169994879672295,118,499,337,5.8,12,0.033,REORDER NOW,2022-12-31
SKU0014,BrandB Water,Beverages,BrandB,Poland,2022,26140,99332.0,71.65,24.83,0.347,B,X,BX,6.502156938044035,104,570,334,4.7,17,0.047,REORDER NOW,2022-12-31
SKU0088,BrandD Shampoo,Personal Care,BrandD,Poland,2022,9626,96548.78,26.38,8.6,0.326,B,X,BX,6.53797363031234,36,208,345,13.1,6,0.016,HEALTHY,2022-12-31
SKU0035,BrandE Chocolate,Snacks,BrandE,Poland,2022,47154,96194.16,129.37,43.4,0.336,B,X,BX,6.5562724014336915,183,1031,259,2.0,10,0.027,REORDER NOW,2022-12-31
SKU0087,BrandC Shampoo,Personal Care,BrandC,Poland,2022,11633,95041.61,31.87,10.53,0.33,B,X,BX,6.5942204301075265,45,255,265,8.3,9,0.025,LOW,2022-12-31
SKU0011,BrandE Juice,Beverages,BrandE,Poland,2022,10570,94904.28,28.95,14.09,0.487,B,X,BX,6.668625192012289,60,253,252,8.7,14,0.038,REORDER NOW,2022-12-31
SKU0043,BrandA Nuts,Snacks,BrandA,Poland,2022,18677,94370.7,51.14,22.49,0.44,B,X,BX,6.450787250384025,94,424,385,7.5,11,0.03,REORDER NOW,2022-12-31
SKU0096,BrandF Soap,Personal Care,BrandF,Poland,2022,38904,89479.2,106.52,34.98,0.328,C,X,CX,6.460349462365592,114,802,268,2.5,9,0.025,REORDER NOW,2022-12-31
SKU0063,BrandC Cheese,Dairy,BrandC,Poland,2022,22177,87829.31,60.81,29.11,0.479,C,X,CX,6.497695852534562,95,490,137,2.3,12,0.033,REORDER NOW,2022-12-31
SKU0066,BrandF Cheese,Dairy,BrandF,Poland,2022,12882,83745.82,35.31,16.35,0.463,C,X,CX,6.379659498207886,53,278,188,5.3,16,0.044,REORDER NOW,2022-12-31
SKU0083,BrandE Cleaner,Home Care,BrandE,Poland,2022,35643,80553.18,97.64,33.19,0.34,C,X,CX,6.500755248335893,108,743,252,2.6,11,0.03,REORDER NOW,2022-12-31
SKU0004,BrandD Soda,Beverages,BrandD,Poland,2022,41773,75609.13,114.3,38.28,0.335,C,X,CX,6.4747055811571945,125,865,307,2.7,8,0.022,REORDER NOW,2022-12-31
SKU0077,BrandE Softener,Home Care,BrandE,Poland,2022,26029,73670.51,71.37,35.2,0.493,C,X,CX,6.341775473630313,113,566,282,4.0,21,0.058,REORDER NOW,2022-12-31
SKU0039,BrandC Biscuits,Snacks,BrandC,Poland,2022,5859,69136.2,16.05,5.28,0.329,C,X,CX,6.533845366103431,17,122,353,22.0,10,0.027,HEALTHY,2022-12-31
SKU0021,BrandC Energy drink,Beverages,BrandC,Poland,2022,24860,67370.6,68.03,22.93,0.337,C,X,CX,6.363517665130568,74,507,471,6.9,10,0.027,REORDER NOW,2022-12-31
SKU0022,BrandD Energy drink,Beverages,BrandD,Poland,2022,44275,65527.0,121.23,40.42,0.333,C,X,CX,6.543093958013313,132,925,433,3.6,8,0.022,REORDER NOW,2022-12-31
SKU0101,BrandE Toothpaste,Personal Care,BrandE,Poland,2022,7007,65104.82,19.2,8.55,0.445,C,X,CX,6.4910842293906805,28,153,236,12.3,9,0.025,HEALTHY,2022-12-31
SKU0006,BrandF Soda,Beverages,BrandF,Poland,2022,52918,64574.68,144.9,63.62,0.439,C,X,CX,6.644239631336405,210,1173,381,2.6,12,0.033,REORDER NOW,2022-12-31
SKU0084,BrandF Cleaner,Home Care,BrandF,Poland,2022,9802,53812.98,26.87,9.57,0.356,C,X,CX,6.330094726062469,31,201,297,11.1,10,0.027,LOW,2022-12-31
SKU0056,BrandB Milk,Dairy,BrandB,Poland,2022,10319,48786.28,28.26,13.6,0.481,C,X,CX,6.605491551459294,45,232,310,11.0,11,0.03,LOW,2022-12-31
SKU0040,BrandD Biscuits,Snacks,BrandD,Poland,2022,8541,48482.98,23.37,10.93,0.468,C,X,CX,6.584677419354839,36,190,401,17.2,17,0.047,HEALTHY,2022-12-31
SKU0015,BrandC Water,Beverages,BrandC,Poland,2022,4963,46106.27,13.58,4.73,0.348,C,X,CX,6.392620327700972,15,102,338,24.9,11,0.03,HEALTHY,2022-12-31
SKU0091,BrandA Soap,Personal Care,BrandA,Poland,2022,8307,44637.61,22.76,10.86,0.477,C,X,CX,6.618260368663595,36,187,279,12.3,10,0.027,LOW,2022-12-31
SKU0085,BrandA Shampoo,Personal Care,BrandA,Poland,2022,30121,44542.04,82.64,39.08,0.473,C,X,CX,6.5605158730158735,128,670,421,5.1,12,0.033,REORDER NOW,2022-12-31
SKU0067,BrandA Detergent,Home Care,BrandA,Poland,2022,16119,43198.92,44.14,15.27,0.346,C,X,CX,6.395135688684076,49,331,263,6.0,9,0.025,REORDER NOW,2022-12-31
SKU0019,BrandA Energy drink,Beverages,BrandA,Poland,2022,8609,42577.35,23.57,10.81,0.459,C,X,CX,6.478942652329749,35,188,272,11.5,11,0.03,LOW,2022-12-31
SKU0051,BrandC Yogurt,Dairy,BrandC,Poland,2022,27993,40309.92,76.69,24.43,0.319,C,X,CX,6.3886392729134664,79,569,489,6.4,9,0.025,REORDER NOW,2022-12-31
SKU0062,BrandB Cheese,Dairy,BrandB,Poland,2022,7032,38324.4,19.25,6.7,0.348,C,X,CX,6.531598822324629,22,148,268,13.9,11,0.03,HEALTHY,2022-12-31
SKU0086,BrandB Shampoo,Personal Care,BrandB,Poland,2022,3891,38247.54,10.66,4.94,0.463,C,X,CX,6.498636712749616,16,85,448,42.0,12,0.033,OVERSTOCK,2022-12-31
SKU0003,BrandC Soda,Beverages,BrandC,Poland,2022,9958,31666.44,27.25,9.87,0.362,C,X,CX,6.597926267281106,32,212,423,15.5,15,0.041,HEALTHY,2022-12-31
SKU0055,BrandA Milk,Dairy,BrandA,Poland,2022,5649,23725.8,15.46,5.01,0.324,C,X,CX,6.399033538146441,16,115,204,13.2,10,0.027,HEALTHY,2022-12-31
SKU0075,BrandC Softener,Home Care,BrandC,Poland,2022,13554,23312.88,37.14,12.78,0.344,C,X,CX,6.576472094214029,42,286,186,5.0,10,0.027,REORDER NOW,2022-12-31
SKU0073,BrandA Softener,Home Care,BrandA,Poland,2022,4123,20573.77,11.3,3.83,0.339,C,X,CX,6.546447772657451,13,87,248,22.0,11,0.03,HEALTHY,2022-12-31
SKU0050,BrandB Yogurt,Dairy,BrandB,Poland,2022,6908,9394.88,18.92,6.48,0.342,C,X,CX,6.372676651305684,21,142,378,20.0,14,0.038,HEALTHY,2022-12-31
SKU0092,BrandB Soap,Personal Care,BrandB,Spain,2022,32767,457099.65,89.76,30.52,0.34,A,X,AX,6.531041986687147,182,768,295,3.3,12,0.033,REORDER NOW,2022-12-31
SKU0027,BrandC Chips,Snacks,BrandC,Spain,2022,33817,445724.26,92.58,46.11,0.498,A,X,AX,6.331989247311828,270,856,364,3.9,13,0.036,REORDER NOW,2022-12-31
SKU0057,BrandC Milk,Dairy,BrandC,Spain,2022,29714,416590.28,81.37,26.76,0.329,A,X,AX,6.345641321044547,157,673,153,1.9,11,0.03,REORDER NOW,2022-12-31
SKU0018,BrandF Water,Beverages,BrandF,Spain,2022,27978,406240.56,76.56,26.67,0.348,A,X,AX,6.479755504352279,158,654,325,4.2,13,0.036,REORDER NOW,2022-12-31
SKU0064,BrandD Cheese,Dairy,BrandD,Spain,2022,31934,397578.3,87.53,28.68,0.328,A,X,AX,6.529742703533027,171,743,335,3.8,7,0.019,REORDER NOW,2022-12-31
SKU0026,BrandB Chips,Snacks,BrandB,Spain,2022,25681,374172.17,70.41,23.12,0.328,A,X,AX,6.550960061443932,138,599,72,1.0,11,0.03,REORDER NOW,2022-12-31
SKU0041,BrandE Biscuits,Snacks,BrandE,Spain,2022,29475,356787.12,80.86,37.02,0.458,A,X,AX,6.550691244239631,221,751,215,2.7,13,0.036,REORDER NOW,2022-12-31
SKU0099,BrandC Toothpaste,Personal Care,BrandC,Spain,2022,33387,348877.21,91.45,42.11,0.46,A,X,AX,6.45923579109063,249,840,196,2.1,2,0.005,REORDER NOW,2022-12-31
SKU0061,BrandA Cheese,Dairy,BrandA,Spain,2022,27198,334535.4,74.52,24.16,0.324,A,X,AX,6.439560931899642,143,623,313,4.2,9,0.025,REORDER NOW,2022-12-31
SKU0100,BrandD Toothpaste,Personal Care,BrandD,Spain,2022,24209,324884.78,66.31,23.35,0.352,A,X,AX,6.4939452124936,139,570,313,4.7,9,0.025,REORDER NOW,2022-12-31
SKU0005,BrandE Soda,Beverages,BrandE,Spain,2022,34605,308206.86,94.75,41.85,0.442,A,X,AX,6.428052995391705,247,856,189,2.0,16,0.044,REORDER NOW,2022-12-31
SKU0097,BrandA Toothpaste,Personal Care,BrandA,Spain,2022,20340,276827.4,55.74,18.87,0.338,A,X,AX,6.350780849974399,111,465,307,5.5,6,0.016,REORDER NOW,2022-12-31
SKU0028,BrandD Chips,Snacks,BrandD,Spain,2022,28926,271036.62,79.18,26.1,0.33,A,X,AX,6.544726062467998,156,674,274,3.5,16,0.044,REORDER NOW,2022-12-31
SKU0079,BrandA Cleaner,Home Care,BrandA,Spain,2022,27308,265685.59,74.8,35.06,0.469,A,X,AX,6.554192268305171,209,699,326,4.4,12,0.033,REORDER NOW,2022-12-31
SKU0038,BrandB Biscuits,Snacks,BrandB,Spain,2022,24029,261916.1,65.85,21.37,0.325,A,X,AX,6.351376088069636,126,544,147,2.2,7,0.019,REORDER NOW,2022-12-31
SKU0058,BrandD Milk,Dairy,BrandD,Spain,2022,25493,251615.91,69.82,25.5,0.365,A,X,AX,6.415488991295443,150,598,261,3.7,11,0.03,REORDER NOW,2022-12-31
SKU0002,BrandB Soda,Beverages,BrandB,Spain,2022,21093,237296.25,57.76,19.49,0.337,A,X,AX,6.4708205325140815,116,490,272,4.7,12,0.033,REORDER NOW,2022-12-31
SKU0069,BrandC Detergent,Home Care,BrandC,Spain,2022,30549,236739.46,83.74,40.16,0.48,A,X,AX,6.361418330773169,236,769,317,3.8,12,0.033,REORDER NOW,2022-12-31
SKU0060,BrandF Milk,Dairy,BrandF,Spain,2022,17276,233226.0,47.31,16.87,0.357,A,X,AX,6.538325652841782,101,410,90,1.9,15,0.041,REORDER NOW,2022-12-31
SKU0045,BrandC Nuts,Snacks,BrandC,Spain,2022,18132,230297.31,49.69,22.13,0.445,A,X,AX,6.589682539682539,132,459,273,5.5,10,0.027,REORDER NOW,2022-12-31
SKU0044,BrandB Nuts,Snacks,BrandB,Spain,2022,20166,226060.86,55.21,21.05,0.381,A,X,AX,6.465456989247312,125,482,449,8.1,15,0.041,REORDER NOW,2022-12-31
SKU0001,BrandA Soda,Beverages,BrandA,Spain,2022,38018,225080.59,104.01,44.29,0.426,A,X,AX,6.655491551459293,266,958,233,2.2,9,0.025,REORDER NOW,2022-12-31
SKU0070,BrandD Detergent,Home Care,BrandD,Spain,2022,36173,220293.57,99.16,29.78,0.3,A,X,AX,6.4767089093702,177,819,271,2.7,5,0.014,REORDER NOW,2022-12-31
SKU0094,BrandD Soap,Personal Care,BrandD,Spain,2022,17575,218633.0,48.16,15.11,0.314,A,X,AX,6.227368151561699,88,388,381,7.9,10,0.027,REORDER NOW,2022-12-31
SKU0047,BrandE Nuts,Snacks,BrandE,Spain,2022,18646,217225.9,51.05,16.49,0.323,A,X,AX,6.378347414234511,97,423,311,6.1,6,0.016,REORDER NOW,2022-12-31
SKU0013,BrandA Water,Beverages,BrandA,Spain,2022,30498,213259.51,83.39,38.35,0.46,A,X,AX,6.5802355350742445,229,778,463,5.6,13,0.036,REORDER NOW,2022-12-31
SKU0048,BrandF Nuts,Snacks,BrandF,Spain,2022,19096,212999.91,52.35,23.84,0.456,A,X,AX,6.622068612391193,143,490,306,5.8,11,0.03,REORDER NOW,2022-12-31
SKU0054,BrandF Yogurt,Dairy,BrandF,Spain,2022,32038,203111.2,87.67,40.8,0.465,A,X,AX,6.401299283154121,241,802,225,2.6,7,0.019,REORDER NOW,2022-12-31
SKU0032,BrandB Chocolate,Snacks,BrandB,Spain,2022,16101,190760.22,44.14,20.75,0.47,A,X,AX,6.651484895033282,125,419,344,7.8,9,0.025,REORDER NOW,2022-12-31
SKU0068,BrandB Detergent,Home Care,BrandB,Spain,2022,12992,171718.47,35.59,17.58,0.494,A,X,AX,6.453552227342549,104,334,285,8.0,9,0.025,REORDER NOW,2022-12-31
SKU0082,BrandD Cleaner,Home Care,BrandD,Spain,2022,17207,169833.09,47.16,15.5,0.329,A,X,AX,6.563440860215054,93,403,340,7.2,10,0.027,REORDER NOW,2022-12-31
SKU0020,BrandB Energy drink,Beverages,BrandB,Spain,2022,16037,169671.46,43.88,13.77,0.314,A,X,AX,6.708749359959037,83,377,244,5.6,5,0.014,REORDER NOW,2022-12-31
SKU0074,BrandB Softener,Home Care,BrandB,Spain,2022,18955,168975.0,51.94,23.84,0.459,A,X,AX,6.591877880184332,143,485,391,7.5,8,0.022,REORDER NOW,2022-12-31
SKU0071,BrandE Detergent,Home Care,BrandE,Spain,2022,10732,155292.04,29.41,10.19,0.347,A,X,AX,6.293676395289299,60,245,387,13.2,8,0.022,HEALTHY,2022-12-31
SKU0089,BrandE Shampoo,Personal Care,BrandE,Spain,2022,13167,140491.89,36.13,11.86,0.328,A,X,AX,6.420609318996416,70,302,369,10.2,8,0.022,LOW,2022-12-31
SKU0007,BrandA Juice,Beverages,BrandA,Spain,2022,10855,137315.75,29.73,10.29,0.346,A,X,AX,6.56997567844342,61,256,392,13.2,12,0.033,HEALTHY,2022-12-31
SKU0078,BrandF Softener,Home Care,BrandF,Spain,2022,8652,128049.6,23.68,8.15,0.344,B,X,BX,6.419956477214542,34,186,322,13.6,9,0.025,HEALTHY,2022-12-31
SKU0081,BrandC Cleaner,Home Care,BrandC,Spain,2022,19953,122710.95,54.7,18.04,0.33,B,X,BX,6.404505888376856,75,425,162,3.0,11,0.03,REORDER NOW,2022-12-31
SKU0053,BrandE Yogurt,Dairy,BrandE,Spain,2022,8909,122142.39,24.41,9.45,0.387,B,X,BX,6.420052483358934,40,197,286,11.7,12,0.033,LOW,2022-12-31
SKU0076,BrandD Softener,Home Care,BrandD,Spain,2022,8853,121463.16,24.26,8.18,0.337,B,X,BX,6.372267025089606,34,189,285,11.7,9,0.025,HEALTHY,2022-12-31
SKU0033,BrandC Chocolate,Snacks,BrandC,Spain,2022,23965,118147.45,65.74,22.92,0.349,B,X,BX,6.558646953405018,97,528,326,5.0,10,0.027,REORDER NOW,2022-12-31
SKU0049,BrandA Yogurt,Dairy,BrandA,Spain,2022,14047,116871.04,38.51,12.93,0.336,B,X,BX,6.58924091141833,55,309,219,5.7,11,0.03,REORDER NOW,2022-12-31
SKU0036,BrandF Chocolate,Snacks,BrandF,Spain,2022,10216,113748.03,27.97,12.61,0.451,B,X,BX,6.630843573988735,54,239,227,8.1,14,0.038,REORDER NOW,2022-12-31
SKU0023,BrandE Energy drink,Beverages,BrandE,Spain,2022,25811,112699.58,70.71,33.21,0.47,B,X,BX,6.422574244751664,139,593,317,4.5,16,0.044,REORDER NOW,2022-12-31
SKU0080,BrandB Cleaner,Home Care,BrandB,Spain,2022,26821,109400.06,73.48,30.44,0.414,B,X,BX,6.617690732206861,129,615,177,2.4,11,0.03,REORDER NOW,2022-12-31
SKU0010,BrandD Juice,Beverages,BrandD,Spain,2022,16373,108171.62,44.82,19.71,0.44,B,X,BX,6.423073476702509,82,370,366,8.2,8,0.022,REORDER NOW,2022-12-31
SKU0052,BrandD Yogurt,Dairy,BrandD,Spain,2022,19319,104322.6,52.91,17.69,0.334,B,X,BX,6.506426011264721,74,418,266,5.0,12,0.033,REORDER NOW,2022-12-31
SKU0024,BrandF Energy drink,Beverages,BrandF,Spain,2022,18896,101282.56,51.74,18.23,0.352,B,X,BX,6.5087877624167945,77,414,404,7.8,16,0.044,REORDER NOW,2022-12-31
SKU0102,BrandF Toothpaste,Personal Care,BrandF,Spain,2022,33209,100687.1,90.95,41.28,0.454,B,X,BX,6.481336405529954,173,762,217,2.4,7,0.019,REORDER NOW,2022-12-31
SKU0009,BrandC Juice,Beverages,BrandC,Spain,2022,18785,98809.1,51.42,16.53,0.321,B,X,BX,6.490802611367127,69,403,281,5.5,9,0.025,REORDER NOW,2022-12-31
SKU0093,BrandC Soap,Personal Care,BrandC,Spain,2022,20879,96252.19,57.25,20.34,0.355,B,X,BX,6.248175883256528,84,442,402,7.0,9,0.025,REORDER NOW,2022-12-31
SKU0034,BrandD Chocolate,Snacks,BrandD,Spain,2022,32969,91859.28,90.29,42.32,0.469,B,X,BX,6.431586021505377,177,758,317,3.5,12,0.033,REORDER NOW,2022-12-31
SKU0095,BrandE Soap,Personal Care,BrandE,Spain,2022,10431,87829.02,28.57,9.56,0.335,B,X,BX,6.496434971838198,40,226,253,8.9,8,0.022,LOW,2022-12-31
SKU0059,BrandE Milk,Dairy,BrandE,Spain,2022,7061,86497.25,19.35,6.89,0.356,B,X,BX,6.606848438300052,29,157,268,13.9,10,0.027,HEALTHY,2022-12-31
SKU0014,BrandB Water,Beverages,BrandB,Spain,2022,22344,84907.2,61.17,20.55,0.336,B,X,BX,6.585183051715309,87,490,259,4.2,15,0.041,REORDER NOW,2022-12-31
SKU0017,BrandE Water,Beverages,BrandE,Spain,2022,44938,80545.14,122.89,57.88,0.471,B,X,BX,6.694674859190989,247,1070,228,1.9,12,0.033,REORDER NOW,2022-12-31
SKU0090,BrandF Shampoo,Personal Care,BrandF,Spain,2022,5684,80201.24,15.57,6.03,0.387,B,X,BX,6.472759856630824,25,126,417,26.8,15,0.041,HEALTHY,2022-12-31
SKU0072,BrandF Detergent,Home Care,BrandF,Spain,2022,10041,79926.36,27.47,10.61,0.386,B,X,BX,6.562243983614952,45,225,351,12.8,15,0.041,HEALTHY,2022-12-31
SKU0016,BrandD Water,Beverages,BrandD,Spain,2022,8889,79494.99,24.36,11.05,0.454,B,X,BX,6.6478814644137225,47,209,207,8.5,8,0.022,REORDER NOW,2022-12-31
SKU0031,BrandA Chocolate,Snacks,BrandA,Spain,2022,12979,78027.65,35.59,16.96,0.477,B,X,BX,6.4865911418330775,71,302,192,5.4,15,0.041,REORDER NOW,2022-12-31
SKU0012,BrandF Juice,Beverages,BrandF,Spain,2022,15778,75690.87,43.19,19.16,0.444,B,X,BX,6.412083973374297,80,357,305,7.1,9,0.025,REORDER NOW,2022-12-31
SKU0098,BrandB Toothpaste,Personal Care,BrandB,Spain,2022,14005,75567.59,38.35,17.31,0.451,B,X,BX,6.476158474142345,73,321,303,7.9,14,0.038,REORDER NOW,2022-12-31
SKU0035,BrandE Chocolate,Snacks,BrandE,Spain,2022,34511,70402.44,94.57,32.33,0.342,B,X,BX,6.67323988735279,138,769,357,3.8,15,0.041,REORDER NOW,2022-12-31
SKU0011,BrandE Juice,Beverages,BrandE,Spain,2022,7767,70312.21,21.26,8.77,0.412,B,X,BX,6.6505056323604705,37,178,339,15.9,7,0.019,HEALTHY,2022-12-31
SKU0087,BrandC Shampoo,Personal Care,BrandC,Spain,2022,8476,69248.92,23.21,7.78,0.335,B,X,BX,6.495890937019969,33,184,275,11.8,5,0.014,LOW,2022-12-31
SKU0046,BrandD Nuts,Snacks,BrandD,Spain,2022,27426,68726.44,75.08,34.78,0.463,C,X,CX,6.485765488991295,113,600,352,4.7,14,0.038,REORDER NOW,2022-12-31
SKU0088,BrandD Shampoo,Personal Care,BrandD,Spain,2022,6675,66950.25,18.3,6.01,0.329,C,X,CX,6.51187275985663,20,139,252,13.8,7,0.019,HEALTHY,2022-12-31
SKU0025,BrandA Chips,Snacks,BrandA,Spain,2022,7676,66397.4,21.04,6.99,0.332,C,X,CX,6.533250128008192,23,160,394,18.7,9,0.025,HEALTHY,2022-12-31
SKU0043,BrandA Nuts,Snacks,BrandA,Spain,2022,13048,65687.19,35.78,16.94,0.473,C,X,CX,6.787954429083462,56,299,352,9.8,13,0.036,LOW,2022-12-31
SKU0096,BrandF Soap,Personal Care,BrandF,Spain,2022,27685,63675.5,75.87,25.21,0.332,C,X,CX,6.250563236047107,81,555,441,5.8,6,0.016,REORDER NOW,2022-12-31
SKU0063,BrandC Cheese,Dairy,BrandC,Spain,2022,16035,63613.63,43.92,20.45,0.466,C,X,CX,6.430510752688172,66,348,265,6.0,14,0.038,REORDER NOW,2022-12-31
SKU0077,BrandE Softener,Home Care,BrandE,Spain,2022,22459,63541.86,61.59,28.77,0.467,C,X,CX,6.3582949308755765,93,485,235,3.8,11,0.03,REORDER NOW,2022-12-31
SKU0066,BrandF Cheese,Dairy,BrandF,Spain,2022,9404,60867.44,25.77,11.4,0.442,C,X,CX,6.328065796210957,37,200,233,9.0,13,0.036,LOW,2022-12-31
SKU0083,BrandE Cleaner,Home Care,BrandE,Spain,2022,26052,58877.52,71.39,24.17,0.339,C,X,CX,6.591743471582181,79,550,261,3.7,12,0.033,REORDER NOW,2022-12-31
SKU0004,BrandD Soda,Beverages,BrandD,Spain,2022,29457,53317.17,80.65,25.45,0.316,C,X,CX,6.4384344598054275,83,602,314,3.9,7,0.019,REORDER NOW,2022-12-31
SKU0039,BrandC Biscuits,Snacks,BrandC,Spain,2022,4233,49949.4,11.59,4.28,0.369,C,X,CX,6.46347926267281,14,89,395,34.1,16,0.044,OVERSTOCK,2022-12-31
SKU0006,BrandF Soda,Beverages,BrandF,Spain,2022,38037,46457.98,104.11,46.62,0.448,C,X,CX,6.390482590885817,151,816,338,3.2,9,0.025,REORDER NOW,2022-12-31
SKU0101,BrandE Toothpaste,Personal Care,BrandE,Spain,2022,5007,46280.16,13.72,6.78,0.494,C,X,CX,6.460298259088582,22,111,309,22.5,11,0.03,HEALTHY,2022-12-31
SKU0022,BrandD Energy drink,Beverages,BrandD,Spain,2022,31027,45919.96,84.89,28.21,0.332,C,X,CX,6.565687403993856,93,650,210,2.5,13,0.036,REORDER NOW,2022-12-31
SKU0084,BrandF Cleaner,Home Care,BrandF,Spain,2022,7131,39149.19,19.55,6.78,0.347,C,X,CX,6.593042754736303,22,151,178,9.1,10,0.027,LOW,2022-12-31
SKU0091,BrandA Soap,Personal Care,BrandA,Spain,2022,7085,37969.75,19.44,9.29,0.478,C,X,CX,6.283378136200717,30,152,375,19.3,9,0.025,HEALTHY,2022-12-31
SKU0019,BrandA Energy drink,Beverages,BrandA,Spain,2022,7544,37195.56,20.65,9.67,0.468,C,X,CX,6.3580005120327705,31,162,290,14.0,11,0.03,HEALTHY,2022-12-31
SKU0040,BrandD Biscuits,Snacks,BrandD,Spain,2022,6561,37040.45,17.97,8.4,0.468,C,X,CX,6.3808499743983615,27,142,203,11.3,9,0.025,LOW,2022-12-31
SKU0056,BrandB Milk,Dairy,BrandB,Spain,2022,7388,34921.86,20.22,10.15,0.502,C,Y,CY,6.527137736815156,33,165,404,20.0,16,0.044,HEALTHY,2022-12-31
SKU0051,BrandC Yogurt,Dairy,BrandC,Spain,2022,23982,34534.08,65.71,21.99,0.335,C,X,CX,6.465079365079365,72,497,320,4.9,8,0.022,REORDER NOW,2022-12-31
SKU0015,BrandC Water,Beverages,BrandC,Spain,2022,3649,33899.21,9.99,3.56,0.356,C,X,CX,6.525972862263185,12,77,268,26.8,14,0.038,HEALTHY,2022-12-31
SKU0085,BrandA Shampoo,Personal Care,BrandA,Spain,2022,22130,32729.48,60.67,28.16,0.464,C,X,CX,6.591922683051716,93,493,341,5.6,13,0.036,REORDER NOW,2022-12-31
SKU0067,BrandA Detergent,Home Care,BrandA,Spain,2022,11155,29895.4,30.58,10.84,0.354,C,X,CX,6.431259600614439,35,232,325,10.6,16,0.044,LOW,2022-12-31
SKU0037,BrandA Biscuits,Snacks,BrandA,Spain,2022,25806,27870.48,70.71,26.01,0.368,C,X,CX,6.664887352790578,86,557,302,4.3,13,0.036,REORDER NOW,2022-12-31
SKU0008,BrandB Juice,Beverages,BrandB,Spain,2022,7850,27867.5,21.5,7.71,0.359,C,X,CX,6.543874807987712,25,166,211,9.8,9,0.025,LOW,2022-12-31
SKU0062,BrandB Cheese,Dairy,BrandB,Spain,2022,5078,27675.1,13.92,4.88,0.35,C,X,CX,6.452259344598055,16,106,397,28.5,10,0.027,HEALTHY,2022-12-31
SKU0086,BrandB Shampoo,Personal Care,BrandB,Spain,2022,2800,27566.12,7.66,3.57,0.466,C,X,CX,6.563620071684588,12,62,300,39.1,12,0.033,OVERSTOCK,2022-12-31
SKU0003,BrandC Soda,Beverages,BrandC,Spain,2022,6965,22148.7,19.06,6.65,0.349,C,X,CX,6.459197388632872,22,145,292,15.3,14,0.038,HEALTHY,2022-12-31
SKU0065,BrandE Cheese,Dairy,BrandE,Spain,2022,19475,20088.52,53.41,23.47,0.439,C,X,CX,6.43821044546851,76,420,253,4.7,6,0.016,REORDER NOW,2022-12-31
SKU0030,BrandF Chips,Snacks,BrandF,Spain,2022,12171,19838.73,33.35,10.48,0.314,C,X,CX,6.68205325140809,35,258,328,9.8,8,0.022,LOW,2022-12-31
SKU0029,BrandE Chips,Snacks,BrandE,Spain,2022,8963,18958.94,24.56,11.49,0.468,C,X,CX,6.614202508960574,38,200,344,14.0,11,0.03,HEALTHY,2022-12-31
SKU0055,BrandA Milk,Dairy,BrandA,Spain,2022,4063,17064.6,11.12,3.94,0.354,C,X,CX,6.509773425499232,13,85,349,31.4,9,0.025,OVERSTOCK,2022-12-31
SKU0075,BrandC Softener,Home Care,BrandC,Spain,2022,9709,16699.48,26.62,8.55,0.321,C,X,CX,6.5281105990783415,28,202,337,12.7,11,0.03,HEALTHY,2022-12-31
SKU0073,BrandA Softener,Home Care,BrandA,Spain,2022,2937,14655.63,8.05,2.76,0.342,C,X,CX,6.7064964157706095,9,63,331,41.1,12,0.033,OVERSTOCK,2022-12-31
SKU0050,BrandB Yogurt,Dairy,BrandB,Spain,2022,4874,6628.64,13.35,4.78,0.358,C,X,CX,6.543407578084998,16,103,267,20.0,12,0.033,HEALTHY,2022-12-31
SKU0027,BrandC Chips,Snacks,BrandC,Austria,2021,46003,618833.98,126.04,54.62,0.433,A,X,AX,6.651203277009729,328,1166,322,2.6,11,0.03,REORDER NOW,2021-12-31
SKU0018,BrandF Water,Beverages,BrandF,Austria,2021,39096,567673.92,107.07,36.43,0.34,A,X,AX,6.423143881208397,215,903,310,2.9,12,0.033,REORDER NOW,2021-12-31
SKU0092,BrandB Soap,Personal Care,BrandB,Austria,2021,37912,528872.4,103.85,33.25,0.32,A,X,AX,6.495705325140809,197,872,202,1.9,6,0.016,REORDER NOW,2021-12-31
SKU0057,BrandC Milk,Dairy,BrandC,Austria,2021,34591,484965.82,94.73,32.92,0.348,A,X,AX,6.410170250896058,194,801,278,2.9,14,0.038,REORDER NOW,2021-12-31
SKU0061,BrandA Cheese,Dairy,BrandA,Austria,2021,38644,475321.2,105.81,34.99,0.331,A,X,AX,6.494994879672299,208,895,304,2.9,9,0.025,REORDER NOW,2021-12-31
SKU0099,BrandC Toothpaste,Personal Care,BrandC,Austria,2021,45091,467632.45,123.47,59.47,0.482,A,X,AX,6.479806707629288,353,1153,223,1.8,16,0.044,REORDER NOW,2021-12-31
SKU0064,BrandD Cheese,Dairy,BrandD,Austria,2021,35311,439621.95,96.75,35.29,0.365,A,X,AX,6.42936507936508,209,831,339,3.5,12,0.033,REORDER NOW,2021-12-31
SKU0100,BrandD Toothpaste,Personal Care,BrandD,Austria,2021,32609,437612.78,89.37,30.9,0.346,A,X,AX,6.6105222734255,185,776,126,1.4,11,0.03,REORDER NOW,2021-12-31
SKU0041,BrandE Biscuits,Snacks,BrandE,Austria,2021,33691,413719.09,92.45,41.22,0.446,A,X,AX,6.386911162314388,243,833,433,4.7,13,0.036,REORDER NOW,2021-12-31
SKU0028,BrandD Chips,Snacks,BrandD,Austria,2021,41531,389145.47,113.75,36.91,0.325,A,X,AX,6.387730414746543,217,944,314,2.8,6,0.016,REORDER NOW,2021-12-31
SKU0097,BrandA Toothpaste,Personal Care,BrandA,Austria,2021,27148,369484.28,74.41,25.91,0.348,A,X,AX,6.523655913978494,154,639,352,4.7,14,0.038,REORDER NOW,2021-12-31
SKU0038,BrandB Biscuits,Snacks,BrandB,Austria,2021,32753,357007.7,89.73,32.14,0.358,A,X,AX,6.463844086021505,190,770,327,3.6,11,0.03,REORDER NOW,2021-12-31
SKU0005,BrandE Soda,Beverages,BrandE,Austria,2021,39871,351735.27,109.18,51.65,0.473,A,X,AX,6.634805427547363,310,1034,247,2.3,15,0.041,REORDER NOW,2021-12-31
SKU0044,BrandB Nuts,Snacks,BrandB,Austria,2021,29624,332085.04,81.1,27.45,0.338,A,X,AX,6.23584229390681,160,666,429,5.3,16,0.044,REORDER NOW,2021-12-31
SKU0045,BrandC Nuts,Snacks,BrandC,Austria,2021,26324,329720.68,72.15,34.35,0.476,A,X,AX,6.2596518177163345,200,652,256,3.5,8,0.022,REORDER NOW,2021-12-31
SKU0002,BrandB Soda,Beverages,BrandB,Austria,2021,29295,329568.75,80.23,27.48,0.343,A,X,AX,6.587295186891961,164,693,249,3.1,7,0.019,REORDER NOW,2021-12-31
SKU0001,BrandA Soda,Beverages,BrandA,Austria,2021,54542,321043.34,149.1,68.96,0.462,A,X,AX,6.529851510496672,411,1385,426,2.9,8,0.022,REORDER NOW,2021-12-31
SKU0060,BrandF Milk,Dairy,BrandF,Austria,2021,23441,316453.5,64.27,22.92,0.357,A,X,AX,6.689810547875065,138,568,278,4.3,14,0.038,REORDER NOW,2021-12-31
SKU0013,BrandA Water,Beverages,BrandA,Austria,2021,43757,304962.28,119.71,53.64,0.448,A,X,AX,6.699801587301587,324,1126,375,3.1,10,0.027,REORDER NOW,2021-12-31
SKU0094,BrandD Soap,Personal Care,BrandD,Austria,2021,24239,301533.16,66.37,22.45,0.338,A,X,AX,6.6339541730670755,135,575,323,4.9,10,0.027,REORDER NOW,2021-12-31
SKU0048,BrandF Nuts,Snacks,BrandF,Austria,2021,27106,299293.2,74.24,33.64,0.453,A,X,AX,6.560887096774194,201,688,508,6.8,13,0.036,REORDER NOW,2021-12-31
SKU0047,BrandE Nuts,Snacks,BrandE,Austria,2021,25489,296946.85,69.84,25.62,0.367,A,X,AX,6.640981822836661,154,618,352,5.0,7,0.019,REORDER NOW,2021-12-31
SKU0020,BrandB Energy drink,Beverages,BrandB,Austria,2021,22868,241943.44,62.6,20.06,0.321,A,X,AX,6.637327188940092,120,536,232,3.7,9,0.025,REORDER NOW,2021-12-31
SKU0074,BrandB Softener,Home Care,BrandB,Austria,2021,26984,240677.24,73.9,34.68,0.469,A,X,AX,6.426196876600102,205,680,359,4.9,11,0.03,REORDER NOW,2021-12-31
SKU0082,BrandD Cleaner,Home Care,BrandD,Austria,2021,23989,236771.43,65.66,21.94,0.334,A,X,AX,6.478584229390681,130,555,297,4.5,11,0.03,REORDER NOW,2021-12-31
SKU0089,BrandE Shampoo,Personal Care,BrandE,Austria,2021,18121,193351.07,49.65,18.44,0.371,A,X,AX,6.684440604198669,111,443,268,5.4,10,0.027,REORDER NOW,2021-12-31
SKU0078,BrandF Softener,Home Care,BrandF,Austria,2021,12522,185325.6,34.32,11.0,0.32,A,X,AX,6.347670250896058,65,283,262,7.6,6,0.016,REORDER NOW,2021-12-31
SKU0076,BrandD Softener,Home Care,BrandD,Austria,2021,12391,170004.52,33.95,11.93,0.352,A,X,AX,6.8941436251920125,73,307,267,7.9,11,0.03,REORDER NOW,2021-12-31
SKU0081,BrandC Cleaner,Home Care,BrandC,Austria,2021,27471,168946.65,75.28,26.1,0.347,B,X,BX,6.394847670250896,109,590,348,4.6,8,0.022,REORDER NOW,2021-12-31
SKU0049,BrandA Yogurt,Dairy,BrandA,Austria,2021,19829,164977.28,54.32,18.85,0.347,B,X,BX,6.434037378392216,79,428,304,5.6,10,0.027,REORDER NOW,2021-12-31
SKU0007,BrandA Juice,Beverages,BrandA,Austria,2021,12167,153912.55,33.31,12.7,0.381,B,X,BX,6.644956477214542,54,275,337,10.1,13,0.036,LOW,2021-12-31
SKU0080,BrandB Cleaner,Home Care,BrandB,Austria,2021,37790,152945.51,103.46,50.46,0.488,B,X,BX,6.348060675883256,210,867,307,3.0,7,0.019,REORDER NOW,2021-12-31
SKU0009,BrandC Juice,Beverages,BrandC,Austria,2021,26796,140946.96,73.36,25.38,0.346,B,X,BX,6.473310291858678,107,582,260,3.5,12,0.033,REORDER NOW,2021-12-31
SKU0033,BrandC Chocolate,Snacks,BrandC,Austria,2021,27906,137576.58,76.5,25.79,0.337,B,X,BX,6.592223502304147,109,613,157,2.1,10,0.027,REORDER NOW,2021-12-31
SKU0093,BrandC Soap,Personal Care,BrandC,Austria,2021,28558,131652.38,78.17,28.8,0.368,B,X,BX,6.50734126984127,121,630,318,4.1,12,0.033,REORDER NOW,2021-12-31
SKU0102,BrandF Toothpaste,Personal Care,BrandF,Austria,2021,41938,130139.05,114.79,50.91,0.443,B,X,BX,6.397171018945213,212,946,287,2.5,13,0.036,REORDER NOW,2021-12-31
SKU0010,BrandD Juice,Beverages,BrandD,Austria,2021,19328,127371.56,52.89,26.17,0.495,B,X,BX,6.352566564260113,109,445,277,5.2,14,0.038,REORDER NOW,2021-12-31
SKU0059,BrandE Milk,Dairy,BrandE,Austria,2021,10071,123369.75,27.63,9.36,0.339,B,X,BX,6.574647977470558,40,222,441,16.0,10,0.027,HEALTHY,2021-12-31
SKU0072,BrandF Detergent,Home Care,BrandF,Austria,2021,14713,117115.48,40.32,14.98,0.371,B,X,BX,6.4041410650281625,63,321,381,9.4,13,0.036,LOW,2021-12-31
SKU0090,BrandF Shampoo,Personal Care,BrandF,Austria,2021,8061,113740.71,22.08,7.99,0.362,B,X,BX,6.347804659498208,33,173,336,15.2,15,0.041,HEALTHY,2021-12-31
SKU0016,BrandD Water,Beverages,BrandD,Austria,2021,12579,111995.9,34.38,15.99,0.465,B,X,BX,6.42021249359959,67,288,310,9.0,13,0.036,LOW,2021-12-31
SKU0031,BrandA Chocolate,Snacks,BrandA,Austria,2021,18206,109690.62,49.83,22.25,0.447,B,X,BX,6.539708141321044,94,420,292,5.9,9,0.025,REORDER NOW,2021-12-31
SKU0012,BrandF Juice,Beverages,BrandF,Austria,2021,21846,104909.23,59.77,26.74,0.447,B,X,BX,6.260151049667179,110,484,368,6.2,11,0.03,REORDER NOW,2021-12-31
SKU0098,BrandB Toothpaste,Personal Care,BrandB,Austria,2021,19153,104259.81,52.42,24.14,0.46,B,X,BX,6.3547235023041475,100,433,380,7.2,14,0.038,REORDER NOW,2021-12-31
SKU0095,BrandE Soap,Personal Care,BrandE,Austria,2021,12334,103852.28,33.8,10.83,0.32,B,X,BX,6.548956733230927,46,267,283,8.4,9,0.025,LOW,2021-12-31
SKU0014,BrandB Water,Beverages,BrandB,Austria,2021,25949,98606.2,71.04,24.85,0.35,B,X,BX,6.363607270865335,103,555,308,4.3,13,0.036,REORDER NOW,2021-12-31
SKU0035,BrandE Chocolate,Snacks,BrandE,Austria,2021,47815,97542.6,131.05,46.57,0.355,B,X,BX,6.5612071172555035,197,1057,397,3.0,13,0.036,REORDER NOW,2021-12-31
SKU0011,BrandE Juice,Beverages,BrandE,Austria,2021,10781,96708.65,29.51,15.13,0.513,B,Y,BY,6.36980926779314,63,251,178,6.0,12,0.033,REORDER NOW,2021-12-31
SKU0088,BrandD Shampoo,Personal Care,BrandD,Austria,2021,9523,95515.69,26.09,9.24,0.354,B,X,BX,6.563338453661035,39,210,358,13.7,11,0.03,HEALTHY,2021-12-31
SKU0087,BrandC Shampoo,Personal Care,BrandC,Austria,2021,11587,94665.79,31.75,10.09,0.318,B,X,BX,6.449174347158219,42,247,276,8.7,8,0.022,LOW,2021-12-31
SKU0043,BrandA Nuts,Snacks,BrandA,Austria,2021,18881,94565.71,51.71,24.53,0.474,B,X,BX,6.6269201228878645,104,447,297,5.7,17,0.047,REORDER NOW,2021-12-31
SKU0025,BrandA Chips,Snacks,BrandA,Austria,2021,10899,94276.35,29.86,10.01,0.335,B,X,BX,6.468055555555555,42,235,252,8.4,9,0.025,LOW,2021-12-31
SKU0046,BrandD Nuts,Snacks,BrandD,Austria,2021,37287,93719.26,102.15,41.38,0.405,B,X,BX,6.41875960061444,173,829,261,2.6,5,0.014,REORDER NOW,2021-12-31
SKU0096,BrandF Soap,Personal Care,BrandF,Austria,2021,37894,87156.2,103.81,37.94,0.366,C,X,CX,6.628161802355351,125,813,468,4.5,11,0.03,REORDER NOW,2021-12-31
SKU0066,BrandF Cheese,Dairy,BrandF,Austria,2021,13240,84870.4,36.26,17.36,0.479,C,X,CX,6.580299539170507,57,296,316,8.7,12,0.033,LOW,2021-12-31
SKU0083,BrandE Cleaner,Home Care,BrandE,Austria,2021,35874,81075.24,98.18,34.91,0.356,C,X,CX,6.388754480286738,113,740,318,3.2,16,0.044,REORDER NOW,2021-12-31
SKU0004,BrandD Soda,Beverages,BrandD,Austria,2021,41475,75069.75,113.57,39.82,0.351,C,X,CX,6.618196364567332,131,883,295,2.6,10,0.027,REORDER NOW,2021-12-31
SKU0077,BrandE Softener,Home Care,BrandE,Austria,2021,25107,71445.56,68.85,31.2,0.453,C,X,CX,6.5318484383000515,102,552,270,3.9,12,0.033,REORDER NOW,2021-12-31
SKU0039,BrandC Biscuits,Snacks,BrandC,Austria,2021,5913,69773.4,16.19,5.62,0.347,C,X,CX,6.6446044546851,19,127,356,22.0,13,0.036,HEALTHY,2021-12-31
SKU0006,BrandF Soda,Beverages,BrandF,Austria,2021,56236,67632.9,154.0,69.37,0.45,C,X,CX,6.423233486943165,225,1214,455,3.0,12,0.033,REORDER NOW,2021-12-31
SKU0022,BrandD Energy drink,Beverages,BrandD,Austria,2021,44270,65519.6,121.12,40.95,0.338,C,X,CX,6.521422171018945,134,924,433,3.6,8,0.022,REORDER NOW,2021-12-31
SKU0101,BrandE Toothpaste,Personal Care,BrandE,Austria,2021,6807,64298.16,18.66,8.97,0.481,C,X,CX,6.425742447516641,29,149,307,16.5,17,0.047,HEALTHY,2021-12-31
SKU0084,BrandF Cleaner,Home Care,BrandF,Austria,2021,10128,55602.72,27.76,9.15,0.33,C,X,CX,6.504813108038914,30,211,167,6.0,9,0.025,REORDER NOW,2021-12-31
SKU0056,BrandB Milk,Dairy,BrandB,Austria,2021,10513,50205.04,28.79,12.86,0.447,C,X,CX,6.420359703020993,42,227,308,10.7,8,0.022,LOW,2021-12-31
SKU0040,BrandD Biscuits,Snacks,BrandD,Austria,2021,8829,49954.26,24.18,11.74,0.485,C,X,CX,6.362794418842806,38,192,235,9.7,15,0.041,LOW,2021-12-31
SKU0091,BrandA Soap,Personal Care,BrandA,Austria,2021,8649,46878.07,23.75,9.89,0.417,C,X,CX,6.576536098310292,32,188,236,9.9,6,0.016,LOW,2021-12-31
SKU0015,BrandC Water,Beverages,BrandC,Austria,2021,5042,46840.18,13.8,4.89,0.354,C,X,CX,6.526036866359448,16,106,223,16.2,13,0.036,HEALTHY,2021-12-31
SKU0085,BrandA Shampoo,Personal Care,BrandA,Austria,2021,30790,45301.0,84.3,37.47,0.444,C,X,CX,6.533550947260625,123,674,334,4.0,7,0.019,REORDER NOW,2021-12-31
SKU0067,BrandA Detergent,Home Care,BrandA,Austria,2021,15972,42804.96,43.74,15.14,0.346,C,X,CX,6.462999231950845,49,332,375,8.6,12,0.033,LOW,2021-12-31
SKU0051,BrandC Yogurt,Dairy,BrandC,Austria,2021,27641,39803.04,75.73,28.68,0.379,C,X,CX,6.546460573476703,94,590,435,5.7,16,0.044,REORDER NOW,2021-12-31
SKU0008,BrandB Juice,Beverages,BrandB,Austria,2021,10984,38993.2,30.09,11.36,0.378,C,X,CX,6.51410650281618,37,233,164,5.5,17,0.047,REORDER NOW,2021-12-31
SKU0062,BrandB Cheese,Dairy,BrandB,Austria,2021,7090,38640.5,19.44,6.59,0.339,C,X,CX,6.513524065540195,22,149,397,20.4,12,0.033,HEALTHY,2021-12-31
SKU0086,BrandB Shampoo,Personal Care,BrandB,Austria,2021,3966,38639.9,10.86,5.23,0.482,C,X,CX,6.4101318484383,17,87,265,24.4,11,0.03,HEALTHY,2021-12-31
SKU0003,BrandC Soda,Beverages,BrandC,Austria,2021,9746,30992.28,26.7,9.56,0.358,C,X,CX,6.578091397849462,31,207,340,12.7,12,0.033,HEALTHY,2021-12-31
SKU0042,BrandF Biscuits,Snacks,BrandF,Austria,2021,5403,30418.89,14.79,5.12,0.346,C,X,CX,6.349571172555044,17,111,287,19.4,9,0.025,HEALTHY,2021-12-31
SKU0065,BrandE Cheese,Dairy,BrandE,Austria,2021,27726,28426.32,75.98,35.83,0.472,C,X,CX,6.320801331285202,115,595,366,4.8,13,0.036,REORDER NOW,2021-12-31
SKU0029,BrandE Chips,Snacks,BrandE,Austria,2021,12784,27004.64,35.02,16.02,0.458,C,X,CX,6.303232206861239,51,272,143,4.1,15,0.041,REORDER NOW,2021-12-31
SKU0030,BrandF Chips,Snacks,BrandF,Austria,2021,16091,26228.33,44.09,15.76,0.357,C,X,CX,6.467773937532002,51,336,309,7.0,17,0.047,REORDER NOW,2021-12-31
SKU0075,BrandC Softener,Home Care,BrandC,Austria,2021,13787,23713.64,37.76,12.74,0.337,C,X,CX,6.4096838197644646,41,283,249,6.6,7,0.019,REORDER NOW,2021-12-31
SKU0055,BrandA Milk,Dairy,BrandA,Austria,2021,5579,23431.8,15.28,5.42,0.355,C,X,CX,6.440866615463389,18,116,297,19.4,12,0.033,HEALTHY,2021-12-31
SKU0018,BrandF Water,Beverages,BrandF,France,2021,39374,571710.48,107.88,33.95,0.315,A,X,AX,6.40762928827445,200,891,224,2.1,4,0.011,REORDER NOW,2021-12-31
SKU0026,BrandB Chips,Snacks,BrandB,France,2021,35616,518925.12,97.63,33.98,0.348,A,X,AX,6.631253200204814,204,851,306,3.1,9,0.025,REORDER NOW,2021-12-31
SKU0092,BrandB Soap,Personal Care,BrandB,France,2021,36677,511644.15,100.43,33.23,0.331,A,X,AX,6.481458013312852,197,848,243,2.4,11,0.03,REORDER NOW,2021-12-31
SKU0057,BrandC Milk,Dairy,BrandC,France,2021,34306,480970.12,93.96,31.56,0.336,A,X,AX,6.38320532514081,186,786,230,2.4,9,0.025,REORDER NOW,2021-12-31
SKU0064,BrandD Cheese,Dairy,BrandD,France,2021,37444,466177.8,102.6,34.12,0.333,A,X,AX,6.511827956989247,203,871,327,3.2,9,0.025,REORDER NOW,2021-12-31
SKU0100,BrandD Toothpaste,Personal Care,BrandD,France,2021,34654,465056.68,94.89,32.2,0.339,A,X,AX,6.459613415258577,191,804,404,4.3,10,0.027,REORDER NOW,2021-12-31
SKU0099,BrandC Toothpaste,Personal Care,BrandC,France,2021,44285,464436.31,121.25,55.53,0.458,A,X,AX,6.550620839733742,331,1125,358,3.0,12,0.033,REORDER NOW,2021-12-31
SKU0041,BrandE Biscuits,Snacks,BrandE,France,2021,32656,402139.99,89.57,41.44,0.463,A,X,AX,6.336527137736815,243,811,378,4.2,22,0.06,REORDER NOW,2021-12-31
SKU0028,BrandD Chips,Snacks,BrandD,France,2021,41918,392771.66,114.85,39.81,0.347,A,X,AX,6.3199948796723,233,959,305,2.7,10,0.027,REORDER NOW,2021-12-31
SKU0097,BrandA Toothpaste,Personal Care,BrandA,France,2021,28121,382726.81,77.0,25.16,0.327,A,X,AX,6.573835125448029,150,656,332,4.3,10,0.027,REORDER NOW,2021-12-31
SKU0058,BrandD Milk,Dairy,BrandD,France,2021,38255,377576.85,104.8,32.12,0.307,A,X,AX,6.397958269329237,189,860,224,2.1,7,0.019,REORDER NOW,2021-12-31
SKU0005,BrandE Soda,Beverages,BrandE,France,2021,41153,364576.08,112.63,51.65,0.459,A,X,AX,6.461501536098311,306,1034,404,3.6,10,0.027,REORDER NOW,2021-12-31
SKU0038,BrandB Biscuits,Snacks,BrandB,France,2021,32236,351372.4,88.36,33.02,0.374,A,X,AX,6.526875320020481,197,774,317,3.6,13,0.036,REORDER NOW,2021-12-31
SKU0045,BrandC Nuts,Snacks,BrandC,France,2021,27185,340243.31,74.53,37.48,0.503,A,Y,AY,6.30268817204301,219,689,211,2.8,11,0.03,REORDER NOW,2021-12-31
SKU0044,BrandB Nuts,Snacks,BrandB,France,2021,29511,330818.31,80.83,26.84,0.332,A,X,AX,6.405133128520226,158,676,431,5.3,6,0.016,REORDER NOW,2021-12-31
SKU0060,BrandF Milk,Dairy,BrandF,France,2021,24429,329791.5,66.89,21.39,0.32,A,X,AX,6.393317972350231,126,554,336,5.0,8,0.022,REORDER NOW,2021-12-31
SKU0001,BrandA Soda,Beverages,BrandA,France,2021,54494,319414.1,149.17,66.02,0.443,A,X,AX,6.65955581157194,397,1390,191,1.3,10,0.027,REORDER NOW,2021-12-31
SKU0047,BrandE Nuts,Snacks,BrandE,France,2021,26136,304484.4,71.58,23.76,0.332,A,X,AX,6.431611623143881,140,600,155,2.2,9,0.025,REORDER NOW,2021-12-31
SKU0013,BrandA Water,Beverages,BrandA,France,2021,43304,301458.58,118.4,57.36,0.484,A,X,AX,6.478097798259088,340,1107,360,3.0,12,0.033,REORDER NOW,2021-12-31
SKU0094,BrandD Soap,Personal Care,BrandD,France,2021,24062,299331.28,65.9,23.95,0.363,A,X,AX,6.397369431643625,141,563,401,6.1,18,0.049,REORDER NOW,2021-12-31
SKU0048,BrandF Nuts,Snacks,BrandF,France,2021,26674,295808.73,73.05,32.6,0.446,A,X,AX,6.6076228878648235,195,678,305,4.2,12,0.033,REORDER NOW,2021-12-31
SKU0032,BrandB Chocolate,Snacks,BrandB,France,2021,23984,281817.27,65.79,32.44,0.493,A,X,AX,6.379486687147978,191,611,270,4.1,12,0.033,REORDER NOW,2021-12-31
SKU0069,BrandC Detergent,Home Care,BrandC,France,2021,34819,273488.56,95.32,41.56,0.436,A,X,AX,6.517460317460318,247,868,366,3.8,12,0.033,REORDER NOW,2021-12-31
SKU0070,BrandD Detergent,Home Care,BrandD,France,2021,40359,245786.31,110.65,38.81,0.351,A,X,AX,6.546044546850998,231,955,347,3.1,16,0.044,REORDER NOW,2021-12-31
SKU0020,BrandB Energy drink,Beverages,BrandB,France,2021,22968,243001.44,62.88,20.95,0.333,A,X,AX,6.499558371735791,124,533,402,6.4,6,0.016,REORDER NOW,2021-12-31
SKU0054,BrandF Yogurt,Dairy,BrandF,France,2021,37935,241669.17,103.98,47.94,0.461,A,X,AX,6.439733742959549,283,953,263,2.5,10,0.027,REORDER NOW,2021-12-31
SKU0071,BrandE Detergent,Home Care,BrandE,France,2021,13100,189557.0,35.89,12.36,0.344,A,X,AX,6.522452636968766,74,308,268,7.5,14,0.038,REORDER NOW,2021-12-31
SKU0053,BrandE Yogurt,Dairy,BrandE,France,2021,12623,173061.33,34.61,11.51,0.332,A,X,AX,6.449609575012801,68,291,378,10.9,9,0.025,LOW,2021-12-31
SKU0081,BrandC Cleaner,Home Care,BrandC,France,2021,26702,164217.3,73.18,26.72,0.365,B,X,BX,6.567652329749104,113,594,291,4.0,19,0.052,REORDER NOW,2021-12-31
SKU0023,BrandE Energy drink,Beverages,BrandE,France,2021,37606,164202.88,102.9,45.16,0.439,B,X,BX,6.4813620071684594,190,857,325,3.2,8,0.022,REORDER NOW,2021-12-31
SKU0076,BrandD Softener,Home Care,BrandD,France,2021,11809,162019.48,32.34,11.32,0.35,B,X,BX,6.518202764976959,48,259,261,8.1,12,0.033,LOW,2021-12-31
SKU0036,BrandF Chocolate,Snacks,BrandF,France,2021,14280,158328.98,39.17,17.61,0.45,B,X,BX,6.544937275985663,74,330,271,6.9,9,0.025,REORDER NOW,2021-12-31
SKU0007,BrandA Juice,Beverages,BrandA,France,2021,12393,156771.45,33.9,12.48,0.368,B,X,BX,6.496057347670251,52,272,304,9.0,14,0.038,LOW,2021-12-31
SKU0009,BrandC Juice,Beverages,BrandC,France,2021,26229,137964.54,71.8,25.29,0.352,B,X,BX,6.4914874551971335,106,572,270,3.8,13,0.036,REORDER NOW,2021-12-31
SKU0033,BrandC Chocolate,Snacks,BrandC,France,2021,27800,137054.0,76.18,25.51,0.335,B,X,BX,6.4915258576548895,107,601,448,5.9,7,0.019,REORDER NOW,2021-12-31
SKU0034,BrandD Chocolate,Snacks,BrandD,France,2021,46615,129588.38,127.9,60.05,0.469,B,X,BX,6.470698924731182,252,1080,165,1.3,15,0.041,REORDER NOW,2021-12-31
SKU0102,BrandF Toothpaste,Personal Care,BrandF,France,2021,41579,129121.78,113.84,50.04,0.44,B,X,BX,6.68797363031234,214,975,337,3.0,12,0.033,REORDER NOW,2021-12-31
SKU0010,BrandD Juice,Beverages,BrandD,France,2021,18993,126130.41,52.02,22.33,0.429,B,X,BX,6.572081413210445,94,436,473,9.1,7,0.019,LOW,2021-12-31
SKU0052,BrandD Yogurt,Dairy,BrandD,France,2021,22406,120992.4,61.33,22.7,0.37,B,X,BX,6.679774705581157,97,507,349,5.7,15,0.041,REORDER NOW,2021-12-31
SKU0072,BrandF Detergent,Home Care,BrandF,France,2021,14571,115985.16,39.91,13.04,0.327,B,X,BX,6.338191244239631,54,307,347,8.7,4,0.011,LOW,2021-12-31
SKU0090,BrandF Shampoo,Personal Care,BrandF,France,2021,8143,114897.73,22.31,7.93,0.355,B,X,BX,6.4858742959549405,33,178,383,17.2,18,0.049,HEALTHY,2021-12-31
SKU0031,BrandA Chocolate,Snacks,BrandA,France,2021,18793,112862.93,51.47,22.95,0.446,B,X,BX,6.500108806963645,97,432,433,8.4,7,0.019,LOW,2021-12-31
SKU0012,BrandF Juice,Beverages,BrandF,France,2021,23174,110664.49,63.37,31.7,0.5,B,X,BX,6.38736559139785,132,537,184,2.9,15,0.041,REORDER NOW,2021-12-31
SKU0098,BrandB Toothpaste,Personal Care,BrandB,France,2021,19465,105749.64,53.34,25.48,0.478,B,X,BX,6.545167690732207,108,457,350,6.6,14,0.038,REORDER NOW,2021-12-31
SKU0095,BrandE Soap,Personal Care,BrandE,France,2021,12389,104315.38,33.97,11.2,0.33,B,X,BX,6.456163594470046,47,266,298,8.8,8,0.022,LOW,2021-12-31
SKU0035,BrandE Chocolate,Snacks,BrandE,France,2021,48048,98017.92,131.73,44.56,0.338,B,X,BX,6.491845878136201,187,1042,280,2.1,10,0.027,REORDER NOW,2021-12-31
SKU0087,BrandC Shampoo,Personal Care,BrandC,France,2021,11907,97280.19,32.62,10.24,0.314,B,X,BX,6.513024833589349,43,255,206,6.3,5,0.014,REORDER NOW,2021-12-31
SKU0088,BrandD Shampoo,Personal Care,BrandD,France,2021,9582,96107.46,26.25,9.15,0.349,B,X,BX,6.646422171018945,39,213,360,13.7,10,0.027,HEALTHY,2021-12-31
SKU0017,BrandE Water,Beverages,BrandE,France,2021,53554,95497.02,146.47,68.39,0.467,B,X,BX,6.416922683051715,286,1226,411,2.8,6,0.016,REORDER NOW,2021-12-31
SKU0011,BrandE Juice,Beverages,BrandE,France,2021,10521,94731.97,28.81,14.16,0.491,B,X,BX,6.415328981054787,59,244,310,10.8,25,0.068,LOW,2021-12-31
SKU0046,BrandD Nuts,Snacks,BrandD,France,2021,37233,93498.61,102.05,48.19,0.472,B,X,BX,6.630907578084997,205,882,353,3.5,12,0.033,REORDER NOW,2021-12-31
SKU0063,BrandC Cheese,Dairy,BrandC,France,2021,24144,93259.57,66.04,30.61,0.463,B,X,BX,6.489061699948796,129,558,297,4.5,8,0.022,REORDER NOW,2021-12-31
SKU0025,BrandA Chips,Snacks,BrandA,France,2021,10423,90158.95,28.56,10.38,0.363,C,X,CX,6.396953405017921,34,217,188,6.6,15,0.041,REORDER NOW,2021-12-31
SKU0096,BrandF Soap,Personal Care,BrandF,France,2021,38994,89686.2,106.82,34.72,0.325,C,X,CX,6.185189452124935,111,772,369,3.5,4,0.011,REORDER NOW,2021-12-31
SKU0066,BrandF Cheese,Dairy,BrandF,France,2021,13143,84263.65,35.98,16.4,0.456,C,X,CX,6.490149769585254,53,287,376,10.4,8,0.022,LOW,2021-12-31
SKU0004,BrandD Soda,Beverages,BrandD,France,2021,42079,76162.99,115.27,38.99,0.338,C,X,CX,6.480376344086022,127,874,319,2.8,14,0.038,REORDER NOW,2021-12-31
SKU0077,BrandE Softener,Home Care,BrandE,France,2021,26805,75891.17,73.44,37.73,0.514,C,Y,CY,6.6541410650281625,125,614,316,4.3,13,0.036,REORDER NOW,2021-12-31
SKU0021,BrandC Energy drink,Beverages,BrandC,France,2021,25235,68386.85,69.03,25.07,0.363,C,X,CX,6.5223758320532506,82,532,311,4.5,15,0.041,REORDER NOW,2021-12-31
SKU0006,BrandF Soda,Beverages,BrandF,France,2021,55874,67081.31,153.07,71.05,0.464,C,X,CX,6.476190476190475,231,1222,302,2.0,10,0.027,REORDER NOW,2021-12-31
SKU0039,BrandC Biscuits,Snacks,BrandC,France,2021,5644,66599.2,15.46,5.66,0.366,C,X,CX,6.430145929339478,18,117,390,25.2,16,0.044,HEALTHY,2021-12-31
SKU0022,BrandD Energy drink,Beverages,BrandD,France,2021,42595,63040.6,116.63,39.95,0.343,C,X,CX,6.507251664106502,130,889,146,1.3,9,0.025,REORDER NOW,2021-12-31
SKU0101,BrandE Toothpaste,Personal Care,BrandE,France,2021,6648,63025.96,18.21,8.27,0.454,C,X,CX,6.460247055811572,27,145,164,9.0,12,0.033,LOW,2021-12-31
SKU0084,BrandF Cleaner,Home Care,BrandF,France,2021,9885,54268.65,27.1,9.81,0.362,C,X,CX,6.415514592933948,32,206,403,14.9,14,0.038,HEALTHY,2021-12-31
SKU0056,BrandB Milk,Dairy,BrandB,France,2021,10746,50859.76,29.43,14.86,0.505,C,Y,CY,6.572561443932411,49,242,367,12.5,19,0.052,HEALTHY,2021-12-31
SKU0040,BrandD Biscuits,Snacks,BrandD,France,2021,8652,48990.76,23.71,11.28,0.476,C,X,CX,6.626580901177675,37,194,229,9.7,12,0.033,LOW,2021-12-31
SKU0091,BrandA Soap,Personal Care,BrandA,France,2021,8367,45233.58,22.98,10.23,0.445,C,X,CX,6.352150537634408,33,179,259,11.3,9,0.025,LOW,2021-12-31
SKU0085,BrandA Shampoo,Personal Care,BrandA,France,2021,30647,45193.87,83.91,37.58,0.448,C,X,CX,6.500358422939068,123,668,269,3.2,14,0.038,REORDER NOW,2021-12-31
SKU0019,BrandA Energy drink,Beverages,BrandA,France,2021,8801,43359.75,24.09,11.58,0.481,C,X,CX,6.448175883256528,38,193,304,12.6,12,0.033,HEALTHY,2021-12-31
SKU0067,BrandA Detergent,Home Care,BrandA,France,2021,16147,43273.96,44.24,15.33,0.346,C,X,CX,6.626798515104967,51,344,331,7.5,11,0.03,REORDER NOW,2021-12-31
SKU0008,BrandB Juice,Beverages,BrandB,France,2021,11372,40370.6,31.12,9.89,0.318,C,X,CX,6.437813620071684,32,232,277,8.9,4,0.011,LOW,2021-12-31
SKU0037,BrandA Biscuits,Snacks,BrandA,France,2021,36775,39717.0,100.75,35.28,0.35,C,X,CX,6.56671146953405,116,778,265,2.6,10,0.027,REORDER NOW,2021-12-31
SKU0003,BrandC Soda,Beverages,BrandC,France,2021,9886,31437.48,27.06,9.25,0.342,C,X,CX,6.603008192524322,30,209,173,6.4,9,0.025,REORDER NOW,2021-12-31
SKU0042,BrandF Biscuits,Snacks,BrandF,France,2021,5398,30390.74,14.77,5.57,0.377,C,X,CX,6.362256784434204,18,112,206,13.9,13,0.036,HEALTHY,2021-12-31
SKU0065,BrandE Cheese,Dairy,BrandE,France,2021,27400,28241.27,75.03,32.4,0.432,C,X,CX,6.495423707117255,106,593,346,4.6,14,0.038,REORDER NOW,2021-12-31
SKU0029,BrandE Chips,Snacks,BrandE,France,2021,12791,26988.64,35.04,16.95,0.484,C,X,CX,6.527483358934972,55,284,285,8.1,19,0.052,LOW,2021-12-31
SKU0030,BrandF Chips,Snacks,BrandF,France,2021,16142,26311.46,44.23,14.46,0.327,C,X,CX,6.5384856630824375,47,336,280,6.3,13,0.036,REORDER NOW,2021-12-31
SKU0055,BrandA Milk,Dairy,BrandA,France,2021,5622,23612.4,15.4,5.46,0.354,C,X,CX,6.7747503840245775,18,122,317,20.6,18,0.049,HEALTHY,2021-12-31
SKU0075,BrandC Softener,Home Care,BrandC,France,2021,13524,23261.28,37.03,12.21,0.33,C,X,CX,6.626958525345622,40,285,125,3.4,9,0.025,REORDER NOW,2021-12-31
SKU0073,BrandA Softener,Home Care,BrandA,France,2021,4008,19999.92,10.98,4.19,0.382,C,X,CX,6.5299155145929335,14,86,351,32.0,13,0.036,OVERSTOCK,2021-12-31
SKU0050,BrandB Yogurt,Dairy,BrandB,France,2021,7186,9772.96,19.7,6.34,0.322,C,X,CX,6.434062980030721,21,148,343,17.4,6,0.016,HEALTHY,2021-12-31
SKU0027,BrandC Chips,Snacks,BrandC,Germany,2021,44833,601440.83,122.88,54.49,0.443,A,X,AX,6.5426651305683565,325,1129,233,1.9,11,0.03,REORDER NOW,2021-12-31
SKU0018,BrandF Water,Beverages,BrandF,Germany,2021,38515,559237.8,105.36,37.84,0.359,A,X,AX,6.44123783922171,224,903,289,2.7,12,0.033,REORDER NOW,2021-12-31
SKU0092,BrandB Soap,Personal Care,BrandB,Germany,2021,37028,516540.6,101.45,37.07,0.365,A,X,AX,6.58773681515617,222,890,425,4.2,12,0.033,REORDER NOW,2021-12-31
SKU0026,BrandB Chips,Snacks,BrandB,Germany,2021,34895,508420.15,95.69,33.47,0.35,A,X,AX,6.634779825908858,201,836,375,3.9,8,0.022,REORDER NOW,2021-12-31
SKU0057,BrandC Milk,Dairy,BrandC,Germany,2021,34727,486872.54,95.16,31.22,0.328,A,X,AX,6.264413722478238,182,778,88,0.9,8,0.022,REORDER NOW,2021-12-31
SKU0061,BrandA Cheese,Dairy,BrandA,Germany,2021,38800,477240.0,106.28,33.12,0.312,A,X,AX,6.480523553507425,196,885,380,3.6,9,0.025,REORDER NOW,2021-12-31
SKU0099,BrandC Toothpaste,Personal Care,BrandC,Germany,2021,45624,473225.82,124.89,61.94,0.496,A,X,AX,6.460554275473631,367,1174,492,3.9,13,0.036,REORDER NOW,2021-12-31
SKU0064,BrandD Cheese,Dairy,BrandD,Germany,2021,36687,456753.15,100.49,32.45,0.323,A,X,AX,6.561744751664107,194,853,131,1.3,13,0.036,REORDER NOW,2021-12-31
SKU0100,BrandD Toothpaste,Personal Care,BrandD,Germany,2021,33888,454776.96,92.85,34.08,0.367,A,X,AX,6.460163850486431,202,802,248,2.7,13,0.036,REORDER NOW,2021-12-31
SKU0041,BrandE Biscuits,Snacks,BrandE,Germany,2021,33318,410589.69,91.47,40.48,0.443,A,X,AX,6.442018689196108,239,828,215,2.4,13,0.036,REORDER NOW,2021-12-31
SKU0028,BrandD Chips,Snacks,BrandD,Germany,2021,40432,378847.84,110.62,39.6,0.358,A,X,AX,6.538172043010753,236,959,386,3.5,16,0.044,REORDER NOW,2021-12-31
SKU0079,BrandA Cleaner,Home Care,BrandA,Germany,2021,38173,375893.6,104.46,46.33,0.443,A,X,AX,6.5484190988223245,276,960,461,4.4,8,0.022,REORDER NOW,2021-12-31
SKU0097,BrandA Toothpaste,Personal Care,BrandA,Germany,2021,27212,370355.32,74.58,26.6,0.357,A,X,AX,6.559376600102406,159,648,245,3.3,12,0.033,REORDER NOW,2021-12-31
SKU0005,BrandE Soda,Beverages,BrandE,Germany,2021,41684,367436.5,114.07,50.99,0.447,A,X,AX,6.461616743471581,302,1039,279,2.4,9,0.025,REORDER NOW,2021-12-31
SKU0038,BrandB Biscuits,Snacks,BrandB,Germany,2021,32806,357585.4,89.84,32.08,0.357,A,X,AX,6.672836661546339,193,793,304,3.4,15,0.041,REORDER NOW,2021-12-31
SKU0058,BrandD Milk,Dairy,BrandD,Germany,2021,35932,354648.84,98.45,36.14,0.367,A,X,AX,6.617895545314901,217,869,352,3.6,16,0.044,REORDER NOW,2021-12-31
SKU0002,BrandB Soda,Beverages,BrandB,Germany,2021,31233,351371.25,85.46,27.8,0.325,A,X,AX,6.415188172043011,164,712,118,1.4,9,0.025,REORDER NOW,2021-12-31
SKU0045,BrandC Nuts,Snacks,BrandC,Germany,2021,27008,339067.75,74.0,31.83,0.43,A,X,AX,6.57882104454685,190,677,192,2.6,10,0.027,REORDER NOW,2021-12-31
SKU0060,BrandF Milk,Dairy,BrandF,Germany,2021,24025,324337.5,65.8,22.1,0.336,A,X,AX,6.62220942140297,133,569,292,4.4,9,0.025,REORDER NOW,2021-12-31
SKU0001,BrandA Soda,Beverages,BrandA,Germany,2021,53088,312491.42,145.29,61.37,0.422,A,X,AX,6.467012288786482,364,1304,355,2.4,9,0.025,REORDER NOW,2021-12-31
SKU0094,BrandD Soap,Personal Care,BrandD,Germany,2021,24833,308922.52,68.02,23.49,0.345,A,X,AX,6.452726574500768,139,578,297,4.4,11,0.03,REORDER NOW,2021-12-31
SKU0047,BrandE Nuts,Snacks,BrandE,Germany,2021,26433,307944.45,72.43,25.36,0.35,A,X,AX,6.550345622119816,151,625,272,3.8,16,0.044,REORDER NOW,2021-12-31
SKU0048,BrandF Nuts,Snacks,BrandF,Germany,2021,27608,304759.08,75.64,34.58,0.457,A,X,AX,6.390252176139273,204,687,312,4.1,6,0.016,REORDER NOW,2021-12-31
SKU0013,BrandA Water,Beverages,BrandA,Germany,2021,43660,304050.06,119.44,55.48,0.464,A,X,AX,6.531195596518177,330,1110,293,2.5,19,0.052,REORDER NOW,2021-12-31
SKU0032,BrandB Chocolate,Snacks,BrandB,Germany,2021,23911,280791.63,65.68,30.86,0.47,A,X,AX,6.464362519201228,183,608,350,5.3,8,0.022,REORDER NOW,2021-12-31
SKU0069,BrandC Detergent,Home Care,BrandC,Germany,2021,35230,275906.69,96.48,42.79,0.443,A,X,AX,6.535035842293907,255,886,384,4.0,14,0.038,REORDER NOW,2021-12-31
SKU0054,BrandF Yogurt,Dairy,BrandF,Germany,2021,39236,249691.58,107.39,47.09,0.438,A,X,AX,6.48365975422427,279,975,356,3.3,8,0.022,REORDER NOW,2021-12-31
SKU0020,BrandB Energy drink,Beverages,BrandB,Germany,2021,23166,245096.28,63.38,20.79,0.328,A,X,AX,6.390040962621608,122,527,214,3.4,9,0.025,REORDER NOW,2021-12-31
SKU0068,BrandB Detergent,Home Care,BrandB,Germany,2021,18482,243767.85,50.69,25.23,0.498,A,X,AX,6.526356886840758,150,481,386,7.6,12,0.033,REORDER NOW,2021-12-31
SKU0070,BrandD Detergent,Home Care,BrandD,Germany,2021,39878,242857.02,109.4,40.72,0.372,A,X,AX,6.587147977470558,244,965,158,1.4,15,0.041,REORDER NOW,2021-12-31
SKU0074,BrandB Softener,Home Care,BrandB,Germany,2021,26452,236245.82,72.47,32.86,0.453,A,X,AX,6.3570340501792115,193,654,424,5.9,11,0.03,REORDER NOW,2021-12-31
SKU0082,BrandD Cleaner,Home Care,BrandD,Germany,2021,23726,234175.62,65.02,21.99,0.338,A,X,AX,6.563492063492063,131,558,311,4.8,14,0.038,REORDER NOW,2021-12-31
SKU0078,BrandF Softener,Home Care,BrandF,Germany,2021,12567,185991.6,34.43,11.65,0.338,A,X,AX,6.552854582693293,69,295,216,6.3,12,0.033,REORDER NOW,2021-12-31
SKU0071,BrandE Detergent,Home Care,BrandE,Germany,2021,12614,182524.58,34.59,11.48,0.332,A,X,AX,6.502521761392729,68,293,365,10.6,4,0.011,LOW,2021-12-31
SKU0053,BrandE Yogurt,Dairy,BrandE,Germany,2021,12511,171525.81,34.25,11.62,0.339,A,X,AX,6.464144905273938,69,290,256,7.5,12,0.033,REORDER NOW,2021-12-31
SKU0081,BrandC Cleaner,Home Care,BrandC,Germany,2021,27292,167845.8,74.78,25.44,0.34,B,X,BX,6.573150281618023,108,600,259,3.5,13,0.036,REORDER NOW,2021-12-31
SKU0076,BrandD Softener,Home Care,BrandD,Germany,2021,12041,165202.52,32.97,11.56,0.351,B,X,BX,6.460976702508961,48,261,298,9.0,8,0.022,LOW,2021-12-31
SKU0023,BrandE Energy drink,Beverages,BrandE,Germany,2021,37576,164346.81,102.96,45.04,0.437,B,X,BX,6.565213773681516,190,866,370,3.6,11,0.03,REORDER NOW,2021-12-31
SKU0049,BrandA Yogurt,Dairy,BrandA,Germany,2021,19739,164228.48,54.13,18.65,0.345,B,X,BX,6.557347670250896,79,434,395,7.3,14,0.038,REORDER NOW,2021-12-31
SKU0007,BrandA Juice,Beverages,BrandA,Germany,2021,12369,156467.85,33.86,12.1,0.357,B,X,BX,6.37210701484895,50,266,273,8.1,13,0.036,LOW,2021-12-31
SKU0036,BrandF Chocolate,Snacks,BrandF,Germany,2021,14007,155530.03,38.41,16.35,0.426,B,X,BX,6.489932155657962,69,318,211,5.5,11,0.03,REORDER NOW,2021-12-31
SKU0080,BrandB Cleaner,Home Care,BrandB,Germany,2021,37766,153147.3,103.41,48.14,0.466,B,X,BX,6.315514592933948,200,853,338,3.3,10,0.027,REORDER NOW,2021-12-31
SKU0033,BrandC Chocolate,Snacks,BrandC,Germany,2021,28337,139701.41,77.61,27.81,0.358,B,X,BX,6.611795954941116,118,631,423,5.5,14,0.038,REORDER NOW,2021-12-31
SKU0024,BrandF Energy drink,Beverages,BrandF,Germany,2021,26008,139402.88,71.17,24.8,0.348,B,X,BX,6.43328853046595,104,562,346,4.9,8,0.022,REORDER NOW,2021-12-31
SKU0009,BrandC Juice,Beverages,BrandC,Germany,2021,25816,135792.16,70.61,23.81,0.337,B,X,BX,6.351254480286738,99,547,334,4.7,8,0.022,REORDER NOW,2021-12-31
SKU0102,BrandF Toothpaste,Personal Care,BrandF,Germany,2021,43573,135062.96,119.26,53.18,0.446,B,X,BX,6.6102470558115725,226,1014,296,2.5,11,0.03,REORDER NOW,2021-12-31
SKU0034,BrandD Chocolate,Snacks,BrandD,Germany,2021,47802,132466.63,131.11,61.06,0.466,B,X,BX,6.540040962621608,258,1115,254,1.9,12,0.033,REORDER NOW,2021-12-31
SKU0093,BrandC Soap,Personal Care,BrandC,Germany,2021,28686,132242.46,78.58,26.6,0.338,B,X,BX,6.404774705581157,111,614,285,3.6,5,0.014,REORDER NOW,2021-12-31
SKU0052,BrandD Yogurt,Dairy,BrandD,Germany,2021,23030,124362.0,63.06,21.99,0.349,B,X,BX,6.281618023553507,91,487,155,2.5,7,0.019,REORDER NOW,2021-12-31
SKU0059,BrandE Milk,Dairy,BrandE,Germany,2021,10068,123333.0,27.56,9.83,0.357,B,X,BX,6.5019649257552485,41,220,241,8.7,14,0.038,LOW,2021-12-31
SKU0010,BrandD Juice,Beverages,BrandD,Germany,2021,18051,119321.52,49.41,24.66,0.499,B,X,BX,6.410842293906811,103,420,302,6.1,18,0.049,REORDER NOW,2021-12-31
SKU0090,BrandF Shampoo,Personal Care,BrandF,Germany,2021,8127,114671.97,22.26,7.75,0.348,B,X,BX,6.607040450588838,33,180,330,14.8,9,0.025,HEALTHY,2021-12-31
SKU0072,BrandF Detergent,Home Care,BrandF,Germany,2021,13760,109529.6,37.68,13.85,0.368,B,X,BX,6.48952892985151,58,303,330,8.8,17,0.047,LOW,2021-12-31
SKU0012,BrandF Juice,Beverages,BrandF,Germany,2021,22872,109171.31,62.55,30.61,0.489,B,X,BX,6.574788786482334,130,541,359,5.7,13,0.036,REORDER NOW,2021-12-31
SKU0016,BrandD Water,Beverages,BrandD,Germany,2021,12152,108589.45,33.26,15.55,0.467,B,X,BX,6.524398361495135,66,283,262,7.9,14,0.038,REORDER NOW,2021-12-31
SKU0031,BrandA Chocolate,Snacks,BrandA,Germany,2021,17973,108321.44,49.21,22.61,0.459,B,X,BX,6.453501024065541,95,413,380,7.7,10,0.027,REORDER NOW,2021-12-31
SKU0098,BrandB Toothpaste,Personal Care,BrandB,Germany,2021,18914,103164.73,51.85,22.11,0.426,B,X,BX,6.523169482846902,93,431,418,8.1,11,0.03,REORDER NOW,2021-12-31
SKU0095,BrandE Soap,Personal Care,BrandE,Germany,2021,12214,102841.88,33.46,11.61,0.347,B,X,BX,6.586379928315412,49,269,229,6.8,13,0.036,REORDER NOW,2021-12-31
SKU0035,BrandE Chocolate,Snacks,BrandE,Germany,2021,49967,101932.68,137.1,44.69,0.326,B,X,BX,6.490501792114696,188,1078,310,2.3,9,0.025,REORDER NOW,2021-12-31
SKU0088,BrandD Shampoo,Personal Care,BrandD,Germany,2021,9714,97431.42,26.61,9.51,0.357,B,X,BX,6.573451100870456,40,215,149,5.6,11,0.03,REORDER NOW,2021-12-31
SKU0014,BrandB Water,Beverages,BrandB,Germany,2021,25617,97344.6,70.12,24.34,0.347,B,X,BX,6.551299283154122,103,562,253,3.6,12,0.033,REORDER NOW,2021-12-31
SKU0017,BrandE Water,Beverages,BrandE,Germany,2021,54489,97175.1,149.13,70.36,0.472,B,X,BX,6.589029697900666,298,1281,339,2.3,13,0.036,REORDER NOW,2021-12-31
SKU0043,BrandA Nuts,Snacks,BrandA,Germany,2021,19328,97114.7,52.97,24.44,0.461,B,X,BX,6.539196108550947,103,449,281,5.3,11,0.03,REORDER NOW,2021-12-31
SKU0046,BrandD Nuts,Snacks,BrandD,Germany,2021,38554,96552.24,105.54,47.28,0.448,B,X,BX,6.552547363031234,200,892,397,3.8,10,0.027,REORDER NOW,2021-12-31
SKU0011,BrandE Juice,Beverages,BrandE,Germany,2021,10692,96123.97,29.27,13.98,0.478,B,X,BX,6.61099590373784,59,253,516,17.6,11,0.03,HEALTHY,2021-12-31
SKU0087,BrandC Shampoo,Personal Care,BrandC,Germany,2021,11380,92974.6,31.17,11.9,0.382,C,X,CX,6.437768817204301,39,240,230,7.4,15,0.041,REORDER NOW,2021-12-31
SKU0063,BrandC Cheese,Dairy,BrandC,Germany,2021,23202,89661.6,63.47,31.74,0.5,C,X,CX,6.5443228366615465,104,519,427,6.7,18,0.049,REORDER NOW,2021-12-31
SKU0096,BrandF Soap,Personal Care,BrandF,Germany,2021,38633,88855.9,105.79,36.0,0.34,C,X,CX,6.539676139272913,118,810,298,2.8,10,0.027,REORDER NOW,2021-12-31
SKU0066,BrandF Cheese,Dairy,BrandF,Germany,2021,13791,88437.13,37.75,16.8,0.445,C,X,CX,6.520282898105479,55,301,414,11.0,8,0.022,LOW,2021-12-31
SKU0025,BrandA Chips,Snacks,BrandA,Germany,2021,9988,86396.2,27.36,10.28,0.376,C,X,CX,6.573092677931387,34,214,309,11.3,14,0.038,LOW,2021-12-31
SKU0004,BrandD Soda,Beverages,BrandD,Germany,2021,42046,76103.26,115.03,37.43,0.325,C,X,CX,6.4390232974910395,122,863,332,2.9,13,0.036,REORDER NOW,2021-12-31
SKU0077,BrandE Softener,Home Care,BrandE,Germany,2021,25870,73569.86,70.82,30.62,0.432,C,X,CX,6.527304147465437,100,562,154,2.2,6,0.016,REORDER NOW,2021-12-31
SKU0021,BrandC Energy drink,Beverages,BrandC,Germany,2021,25105,68034.55,68.74,25.68,0.374,C,X,CX,6.766058627752177,86,551,213,3.1,13,0.036,REORDER NOW,2021-12-31
SKU0006,BrandF Soda,Beverages,BrandF,Germany,2021,56261,67267.04,153.93,72.05,0.468,C,X,CX,6.370730926779314,233,1214,171,1.1,10,0.027,REORDER NOW,2021-12-31
SKU0039,BrandC Biscuits,Snacks,BrandC,Germany,2021,5667,66870.6,15.51,5.52,0.356,C,X,CX,6.573175883256528,18,120,335,21.6,15,0.041,HEALTHY,2021-12-31
SKU0101,BrandE Toothpaste,Personal Care,BrandE,Germany,2021,6630,62656.78,18.18,8.85,0.487,C,X,CX,6.540789810547875,29,148,266,14.6,20,0.055,HEALTHY,2021-12-31
SKU0084,BrandF Cleaner,Home Care,BrandF,Germany,2021,9975,54762.75,27.31,9.43,0.345,C,X,CX,6.540745007680492,31,210,321,11.8,15,0.041,HEALTHY,2021-12-31
SKU0056,BrandB Milk,Dairy,BrandB,Germany,2021,10866,51570.26,29.78,13.78,0.463,C,X,CX,6.456061187916027,45,237,407,13.7,9,0.025,HEALTHY,2021-12-31
SKU0040,BrandD Biscuits,Snacks,BrandD,Germany,2021,8826,49907.26,24.18,11.67,0.482,C,X,CX,6.652380952380952,39,200,274,11.3,12,0.033,LOW,2021-12-31
SKU0085,BrandA Shampoo,Personal Care,BrandA,Germany,2021,31496,46395.16,86.13,39.81,0.462,C,X,CX,6.471255760368663,130,687,264,3.1,13,0.036,REORDER NOW,2021-12-31
SKU0015,BrandC Water,Beverages,BrandC,Germany,2021,4974,46208.46,13.62,5.15,0.378,C,X,CX,6.3064004096262165,17,103,245,18.0,12,0.033,HEALTHY,2021-12-31
SKU0091,BrandA Soap,Personal Care,BrandA,Germany,2021,8445,45692.86,23.15,10.83,0.468,C,X,CX,6.4477790578597025,35,184,296,12.8,13,0.036,HEALTHY,2021-12-31
SKU0019,BrandA Energy drink,Beverages,BrandA,Germany,2021,8788,43083.89,24.06,11.92,0.495,C,X,CX,6.568362775217614,39,197,343,14.3,6,0.016,HEALTHY,2021-12-31
SKU0067,BrandA Detergent,Home Care,BrandA,Germany,2021,16058,43035.44,43.97,15.54,0.353,C,X,CX,6.253533026113671,50,325,425,9.7,14,0.038,LOW,2021-12-31
SKU0051,BrandC Yogurt,Dairy,BrandC,Germany,2021,28096,40458.24,76.97,27.57,0.358,C,X,CX,6.51842037890425,90,592,273,3.5,13,0.036,REORDER NOW,2021-12-31
SKU0008,BrandB Juice,Beverages,BrandB,Germany,2021,11281,40047.55,30.85,10.53,0.341,C,X,CX,6.589036098310292,35,238,295,9.6,12,0.033,LOW,2021-12-31
SKU0037,BrandA Biscuits,Snacks,BrandA,Germany,2021,36028,38910.24,98.64,35.53,0.36,C,X,CX,6.398169482846902,115,746,370,3.8,11,0.03,REORDER NOW,2021-12-31
SKU0086,BrandB Shampoo,Personal Care,BrandB,Germany,2021,3929,38424.33,10.75,5.05,0.47,C,X,CX,6.507366871479775,16,86,259,24.1,16,0.044,HEALTHY,2021-12-31
SKU0062,BrandB Cheese,Dairy,BrandB,Germany,2021,6882,37506.9,18.85,6.49,0.345,C,X,CX,6.450140809011777,21,143,384,20.4,9,0.025,HEALTHY,2021-12-31
SKU0003,BrandC Soda,Beverages,BrandC,Germany,2021,10314,32798.52,28.25,8.82,0.312,C,X,CX,6.5598438300051205,29,214,414,14.7,9,0.025,HEALTHY,2021-12-31
SKU0042,BrandF Biscuits,Snacks,BrandF,Germany,2021,5342,30075.46,14.64,5.1,0.348,C,X,CX,6.495954941116231,17,112,294,20.1,13,0.036,HEALTHY,2021-12-31
SKU0065,BrandE Cheese,Dairy,BrandE,Germany,2021,26672,27411.77,73.11,33.07,0.452,C,X,CX,6.5381912442396315,108,586,379,5.2,6,0.016,REORDER NOW,2021-12-31
SKU0030,BrandF Chips,Snacks,BrandF,Germany,2021,16719,27251.97,45.82,16.08,0.351,C,X,CX,6.463965693804404,52,348,427,9.3,13,0.036,LOW,2021-12-31
SKU0029,BrandE Chips,Snacks,BrandE,Germany,2021,12690,26755.57,34.8,16.44,0.472,C,X,CX,6.50052483358935,54,280,380,10.9,18,0.049,LOW,2021-12-31
SKU0075,BrandC Softener,Home Care,BrandC,Germany,2021,14332,24651.04,39.25,12.77,0.325,C,X,CX,6.483979774705581,42,296,303,7.7,8,0.022,LOW,2021-12-31
SKU0055,BrandA Milk,Dairy,BrandA,Germany,2021,5799,24355.8,15.88,5.14,0.324,C,X,CX,6.475403225806452,17,120,220,13.9,7,0.019,HEALTHY,2021-12-31
SKU0073,BrandA Softener,Home Care,BrandA,Germany,2021,4173,20823.27,11.43,4.21,0.369,C,X,CX,6.550300819252432,14,89,345,30.2,8,0.022,HEALTHY,2021-12-31
SKU0050,BrandB Yogurt,Dairy,BrandB,Germany,2021,6865,9336.4,18.82,6.59,0.35,C,X,CX,6.294585253456222,21,139,337,17.9,12,0.033,HEALTHY,2021-12-31
SKU0027,BrandC Chips,Snacks,BrandC,Italy,2021,31571,423186.18,86.53,43.24,0.5,A,X,AX,6.502982590885817,257,820,406,4.7,24,0.066,REORDER NOW,2021-12-31
SKU0018,BrandF Water,Beverages,BrandF,Italy,2021,28687,416535.24,78.57,25.16,0.32,A,X,AX,6.507283666154634,150,661,263,3.3,3,0.008,REORDER NOW,2021-12-31
SKU0057,BrandC Milk,Dairy,BrandC,Italy,2021,29313,410968.26,80.43,27.65,0.344,A,X,AX,6.6150345622119815,166,698,258,3.2,14,0.038,REORDER NOW,2021-12-31
SKU0092,BrandB Soap,Personal Care,BrandB,Italy,2021,26536,370177.2,72.68,27.47,0.378,A,X,AX,6.623003072196621,165,646,334,4.6,16,0.044,REORDER NOW,2021-12-31
SKU0026,BrandB Chips,Snacks,BrandB,Italy,2021,25184,366930.88,69.02,23.76,0.344,A,X,AX,6.624551971326166,143,600,336,4.9,8,0.022,REORDER NOW,2021-12-31
SKU0061,BrandA Cheese,Dairy,BrandA,Italy,2021,27174,334240.2,74.44,27.2,0.365,A,X,AX,6.517268305171531,162,647,463,6.2,13,0.036,REORDER NOW,2021-12-31
SKU0099,BrandC Toothpaste,Personal Care,BrandC,Italy,2021,32042,333081.38,87.7,41.56,0.474,A,X,AX,6.516269841269842,247,818,386,4.4,10,0.027,REORDER NOW,2021-12-31
SKU0064,BrandD Cheese,Dairy,BrandD,Italy,2021,26144,325492.8,71.63,24.09,0.336,A,X,AX,6.398956733230928,142,600,465,6.5,9,0.025,REORDER NOW,2021-12-31
SKU0100,BrandD Toothpaste,Personal Care,BrandD,Italy,2021,24187,324589.54,66.27,21.37,0.322,A,X,AX,6.417306707629288,126,551,281,4.2,10,0.027,REORDER NOW,2021-12-31
SKU0041,BrandE Biscuits,Snacks,BrandE,Italy,2021,23147,284609.05,63.56,30.23,0.476,A,X,AX,6.391717869943676,178,584,415,6.5,14,0.038,REORDER NOW,2021-12-31
SKU0028,BrandD Chips,Snacks,BrandD,Italy,2021,29420,275665.4,80.68,26.97,0.334,A,X,AX,6.448540706605223,160,680,309,3.8,8,0.022,REORDER NOW,2021-12-31
SKU0097,BrandA Toothpaste,Personal Care,BrandA,Italy,2021,20238,275439.18,55.45,18.45,0.333,A,X,AX,6.5535842293906805,110,473,289,5.2,14,0.038,REORDER NOW,2021-12-31
SKU0079,BrandA Cleaner,Home Care,BrandA,Italy,2021,27380,269759.03,75.02,34.01,0.453,A,X,AX,6.499219150025602,202,690,319,4.3,9,0.025,REORDER NOW,2021-12-31
SKU0058,BrandD Milk,Dairy,BrandD,Italy,2021,26280,259383.6,71.98,23.97,0.333,A,X,AX,6.429441884280593,142,605,128,1.8,9,0.025,REORDER NOW,2021-12-31
SKU0038,BrandB Biscuits,Snacks,BrandB,Italy,2021,23761,258994.9,65.09,21.7,0.333,A,X,AX,6.554224270353302,129,556,228,3.5,9,0.025,REORDER NOW,2021-12-31
SKU0005,BrandE Soda,Beverages,BrandE,Italy,2021,28722,253344.78,78.6,36.86,0.469,A,X,AX,6.374788786482335,217,718,273,3.5,21,0.058,REORDER NOW,2021-12-31
SKU0044,BrandB Nuts,Snacks,BrandB,Italy,2021,21116,236710.36,57.8,20.04,0.347,A,X,AX,6.375384024577573,118,487,297,5.1,13,0.036,REORDER NOW,2021-12-31
SKU0045,BrandC Nuts,Snacks,BrandC,Italy,2021,18851,236606.68,51.67,23.07,0.447,A,X,AX,6.466922683051716,137,471,307,5.9,9,0.025,REORDER NOW,2021-12-31
SKU0002,BrandB Soda,Beverages,BrandB,Italy,2021,20655,232368.75,56.55,19.53,0.345,A,X,AX,6.672011008704557,118,495,219,3.9,8,0.022,REORDER NOW,2021-12-31
SKU0060,BrandF Milk,Dairy,BrandF,Italy,2021,17155,231592.5,46.99,15.75,0.335,A,X,AX,6.498867127496159,94,399,422,9.0,12,0.033,LOW,2021-12-31
SKU0001,BrandA Soda,Beverages,BrandA,Italy,2021,38760,228315.64,106.08,46.43,0.438,A,X,AX,6.480401945724527,275,962,168,1.6,11,0.03,REORDER NOW,2021-12-31
SKU0048,BrandF Nuts,Snacks,BrandF,Italy,2021,19878,219294.0,54.46,25.36,0.466,A,X,AX,6.436539938556067,150,501,331,6.1,13,0.036,REORDER NOW,2021-12-31
SKU0013,BrandA Water,Beverages,BrandA,Italy,2021,31387,218390.04,85.87,41.01,0.478,A,X,AX,6.499833589349719,244,802,459,5.3,15,0.041,REORDER NOW,2021-12-31
SKU0094,BrandD Soap,Personal Care,BrandD,Italy,2021,17521,217961.24,48.01,17.78,0.37,A,X,AX,6.620372503840247,107,425,144,3.0,14,0.038,REORDER NOW,2021-12-31
SKU0047,BrandE Nuts,Snacks,BrandE,Italy,2021,18283,212996.95,50.08,17.97,0.359,A,X,AX,6.587282386072708,107,437,312,6.2,15,0.041,REORDER NOW,2021-12-31
SKU0032,BrandB Chocolate,Snacks,BrandB,Italy,2021,17059,200554.83,46.86,22.34,0.477,A,X,AX,6.476433691756273,132,435,374,8.0,10,0.027,REORDER NOW,2021-12-31
SKU0069,BrandC Detergent,Home Care,BrandC,Italy,2021,25249,198000.91,69.17,30.5,0.441,A,X,AX,6.704377880184332,184,648,232,3.4,8,0.022,REORDER NOW,2021-12-31
SKU0070,BrandD Detergent,Home Care,BrandD,Italy,2021,29685,180781.65,81.21,27.19,0.335,A,X,AX,6.477393753200205,161,687,211,2.6,6,0.016,REORDER NOW,2021-12-31
SKU0020,BrandB Energy drink,Beverages,BrandB,Italy,2021,16252,171946.16,44.45,14.95,0.336,A,X,AX,6.471178955453149,89,377,363,8.2,15,0.041,REORDER NOW,2021-12-31
SKU0068,BrandB Detergent,Home Care,BrandB,Italy,2021,12922,171345.01,35.42,16.2,0.457,A,X,AX,6.354640296979007,95,320,362,10.2,13,0.036,LOW,2021-12-31
SKU0082,BrandD Cleaner,Home Care,BrandD,Italy,2021,17272,170474.64,47.35,14.39,0.304,A,X,AX,6.590277777777778,86,398,228,4.8,8,0.022,REORDER NOW,2021-12-31
SKU0074,BrandB Softener,Home Care,BrandB,Italy,2021,18928,169389.51,51.83,23.35,0.45,A,X,AX,6.523655913978494,139,477,460,8.9,10,0.027,REORDER NOW,2021-12-31
SKU0054,BrandF Yogurt,Dairy,BrandF,Italy,2021,26526,168932.23,72.59,33.32,0.459,A,X,AX,6.483346134152586,198,669,314,4.3,12,0.033,REORDER NOW,2021-12-31
SKU0089,BrandE Shampoo,Personal Care,BrandE,Italy,2021,12893,137568.31,35.32,12.61,0.357,A,X,AX,6.552156938044035,75,306,340,9.6,13,0.036,LOW,2021-12-31
SKU0071,BrandE Detergent,Home Care,BrandE,Italy,2021,9383,135772.01,25.71,8.84,0.344,A,X,AX,6.469009216589861,52,218,356,13.8,9,0.025,HEALTHY,2021-12-31
SKU0080,BrandB Cleaner,Home Care,BrandB,Italy,2021,32406,131300.06,88.88,42.96,0.483,A,X,AX,6.367588325652842,253,819,244,2.7,9,0.025,REORDER NOW,2021-12-31
SKU0078,BrandF Softener,Home Care,BrandF,Italy,2021,8697,128715.6,23.84,8.48,0.356,A,X,AX,6.488492063492064,50,205,408,17.1,9,0.025,HEALTHY,2021-12-31
SKU0053,BrandE Yogurt,Dairy,BrandE,Italy,2021,8913,122197.23,24.43,7.87,0.322,B,X,BX,6.602899385560676,33,194,306,12.5,9,0.025,HEALTHY,2021-12-31
SKU0076,BrandD Softener,Home Care,BrandD,Italy,2021,8725,119707.0,23.89,8.0,0.335,B,X,BX,6.533384536610343,34,190,217,9.1,13,0.036,LOW,2021-12-31
SKU0081,BrandC Cleaner,Home Care,BrandC,Italy,2021,19366,119100.9,53.01,18.37,0.347,B,X,BX,6.317364311315925,76,411,278,5.2,11,0.03,REORDER NOW,2021-12-31
SKU0023,BrandE Energy drink,Beverages,BrandE,Italy,2021,26205,114466.97,71.74,32.38,0.451,B,X,BX,6.732066052227342,139,622,233,3.2,14,0.038,REORDER NOW,2021-12-31
SKU0072,BrandF Detergent,Home Care,BrandF,Italy,2021,14308,113891.68,39.16,12.62,0.322,B,X,BX,6.402240143369176,53,304,386,9.9,9,0.025,LOW,2021-12-31
SKU0007,BrandA Juice,Beverages,BrandA,Italy,2021,8824,111623.6,24.16,8.69,0.36,B,X,BX,6.457725294418843,36,192,262,10.8,10,0.027,LOW,2021-12-31
SKU0036,BrandF Chocolate,Snacks,BrandF,Italy,2021,10027,111406.08,27.49,12.45,0.453,B,X,BX,6.304505888376856,52,225,316,11.5,11,0.03,LOW,2021-12-31
SKU0049,BrandA Yogurt,Dairy,BrandA,Italy,2021,13146,109374.72,36.05,12.4,0.344,B,X,BX,6.388620071684588,52,282,212,5.9,15,0.041,REORDER NOW,2021-12-31
SKU0024,BrandF Energy drink,Beverages,BrandF,Italy,2021,18937,101502.32,51.86,16.85,0.325,B,X,BX,6.378091397849462,70,401,398,7.7,8,0.022,REORDER NOW,2021-12-31
SKU0102,BrandF Toothpaste,Personal Care,BrandF,Italy,2021,31608,97654.9,86.5,39.36,0.455,B,X,BX,6.5625960061443935,166,734,213,2.5,8,0.022,REORDER NOW,2021-12-31
SKU0033,BrandC Chocolate,Snacks,BrandC,Italy,2021,19466,95967.38,53.36,18.22,0.342,B,X,BX,6.533096518177164,77,426,198,3.7,14,0.038,REORDER NOW,2021-12-31
SKU0093,BrandC Soap,Personal Care,BrandC,Italy,2021,20731,95569.91,56.77,17.55,0.309,B,X,BX,6.475211213517665,74,442,260,4.6,7,0.019,REORDER NOW,2021-12-31
SKU0009,BrandC Juice,Beverages,BrandC,Italy,2021,18169,95568.94,49.74,19.06,0.383,B,X,BX,6.537608806963646,80,405,281,5.6,20,0.055,REORDER NOW,2021-12-31
SKU0034,BrandD Chocolate,Snacks,BrandD,Italy,2021,34199,95363.47,93.86,42.82,0.456,B,X,BX,6.438460061443933,179,783,386,4.1,12,0.033,REORDER NOW,2021-12-31
SKU0010,BrandD Juice,Beverages,BrandD,Italy,2021,13416,89025.19,36.73,16.07,0.437,B,X,BX,6.4745583717357915,67,305,192,5.2,8,0.022,REORDER NOW,2021-12-31
SKU0052,BrandD Yogurt,Dairy,BrandD,Italy,2021,16183,87388.2,44.31,14.87,0.336,B,X,BX,6.49260752688172,63,351,293,6.6,6,0.016,REORDER NOW,2021-12-31
SKU0059,BrandE Milk,Dairy,BrandE,Italy,2021,6981,85517.25,19.12,6.28,0.329,B,X,BX,6.357482078853047,26,148,209,10.9,9,0.025,LOW,2021-12-31
SKU0090,BrandF Shampoo,Personal Care,BrandF,Italy,2021,5736,80934.96,15.72,5.19,0.33,B,X,BX,6.595122887864824,22,126,295,18.8,10,0.027,HEALTHY,2021-12-31
SKU0016,BrandD Water,Beverages,BrandD,Italy,2021,9003,80665.24,24.6,10.7,0.435,B,X,BX,6.38849846390169,45,202,332,13.5,11,0.03,HEALTHY,2021-12-31
SKU0031,BrandA Chocolate,Snacks,BrandA,Italy,2021,13135,78583.13,35.95,17.58,0.489,B,X,BX,6.462275985663083,74,306,209,5.8,14,0.038,REORDER NOW,2021-12-31
SKU0012,BrandF Juice,Beverages,BrandF,Italy,2021,15778,75229.9,43.14,19.92,0.462,B,X,BX,6.347849462365591,83,357,303,7.0,16,0.044,REORDER NOW,2021-12-31
SKU0098,BrandB Toothpaste,Personal Care,BrandB,Italy,2021,13749,74653.35,37.64,18.01,0.479,B,X,BX,6.586303123399897,76,324,330,8.8,16,0.044,LOW,2021-12-31
SKU0095,BrandE Soap,Personal Care,BrandE,Italy,2021,8657,72891.94,23.71,8.01,0.338,B,X,BX,6.271172555043523,33,182,273,11.5,10,0.027,LOW,2021-12-31
SKU0014,BrandB Water,Beverages,BrandB,Italy,2021,18678,70976.4,51.14,16.93,0.331,B,X,BX,6.453750640040963,71,401,342,6.7,9,0.025,REORDER NOW,2021-12-31
SKU0043,BrandA Nuts,Snacks,BrandA,Italy,2021,14070,70225.07,38.57,20.11,0.521,B,Y,BY,6.32386712749616,83,327,408,10.6,14,0.038,LOW,2021-12-31
SKU0035,BrandE Chocolate,Snacks,BrandE,Italy,2021,33993,69345.72,93.23,34.84,0.374,B,X,BX,6.618305171530977,148,765,328,3.5,16,0.044,REORDER NOW,2021-12-31
SKU0011,BrandE Juice,Beverages,BrandE,Italy,2021,7618,68524.09,20.86,10.05,0.482,B,X,BX,6.532219662058371,42,178,359,17.2,16,0.044,HEALTHY,2021-12-31
SKU0046,BrandD Nuts,Snacks,BrandD,Italy,2021,27201,68065.24,74.5,33.46,0.449,B,X,BX,6.699404761904762,143,642,350,4.7,5,0.014,REORDER NOW,2021-12-31
SKU0087,BrandC Shampoo,Personal Care,BrandC,Italy,2021,8221,67165.57,22.53,7.9,0.351,B,X,BX,6.239567332309267,33,174,338,15.0,10,0.027,HEALTHY,2021-12-31
SKU0017,BrandE Water,Beverages,BrandE,Italy,2021,37451,67092.93,102.5,48.41,0.472,B,X,BX,6.482968509984638,203,867,346,3.4,11,0.03,REORDER NOW,2021-12-31
SKU0063,BrandC Cheese,Dairy,BrandC,Italy,2021,16979,65991.88,46.47,22.69,0.488,C,X,CX,6.459869431643625,74,374,347,7.5,8,0.022,REORDER NOW,2021-12-31
SKU0088,BrandD Shampoo,Personal Care,BrandD,Italy,2021,6491,65104.73,17.78,6.6,0.371,C,X,CX,6.471473374295955,21,136,334,18.8,15,0.041,HEALTHY,2021-12-31
SKU0066,BrandF Cheese,Dairy,BrandF,Italy,2021,10053,64216.34,27.53,13.23,0.481,C,X,CX,6.531630824372759,43,223,264,9.6,7,0.019,LOW,2021-12-31
SKU0096,BrandF Soap,Personal Care,BrandF,Italy,2021,27597,63473.1,75.61,25.43,0.336,C,X,CX,6.320225294418843,82,560,308,4.1,10,0.027,REORDER NOW,2021-12-31
SKU0025,BrandA Chips,Snacks,BrandA,Italy,2021,7336,63456.4,20.11,7.24,0.36,C,X,CX,6.636469534050179,24,157,288,14.3,16,0.044,HEALTHY,2021-12-31
SKU0083,BrandE Cleaner,Home Care,BrandE,Italy,2021,25300,57178.0,69.3,23.27,0.336,C,X,CX,6.471255760368663,76,524,319,4.6,9,0.025,REORDER NOW,2021-12-31
SKU0004,BrandD Soda,Beverages,BrandD,Italy,2021,29863,54052.03,81.66,27.68,0.339,C,X,CX,6.498611111111111,90,621,275,3.4,11,0.03,REORDER NOW,2021-12-31
SKU0077,BrandE Softener,Home Care,BrandE,Italy,2021,18350,52110.22,50.26,23.27,0.463,C,X,CX,6.503590629800307,76,403,294,5.8,9,0.025,REORDER NOW,2021-12-31
SKU0039,BrandC Biscuits,Snacks,BrandC,Italy,2021,4228,49890.4,11.58,3.84,0.332,C,X,CX,6.363344854070661,12,86,213,18.4,7,0.019,HEALTHY,2021-12-31
SKU0006,BrandF Soda,Beverages,BrandF,Italy,2021,40950,49189.43,112.16,52.41,0.467,C,X,CX,6.503853046594982,171,901,207,1.8,11,0.03,REORDER NOW,2021-12-31
SKU0021,BrandC Energy drink,Beverages,BrandC,Italy,2021,17698,47961.58,48.41,14.99,0.31,C,X,CX,6.367332309267794,48,356,187,3.9,9,0.025,REORDER NOW,2021-12-31
SKU0022,BrandD Energy drink,Beverages,BrandD,Italy,2021,32111,47524.28,87.85,28.84,0.328,C,X,CX,6.357277265745008,93,651,286,3.3,5,0.014,REORDER NOW,2021-12-31
SKU0101,BrandE Toothpaste,Personal Care,BrandE,Italy,2021,4871,46034.42,13.34,6.08,0.456,C,X,CX,6.3153033794162825,20,104,349,26.2,11,0.03,HEALTHY,2021-12-31
SKU0084,BrandF Cleaner,Home Care,BrandF,Italy,2021,7308,40120.92,20.01,6.81,0.34,C,X,CX,6.464304915514593,22,151,391,19.5,11,0.03,HEALTHY,2021-12-31
SKU0085,BrandA Shampoo,Personal Care,BrandA,Italy,2021,26847,39456.74,73.51,33.35,0.454,C,X,CX,6.656330005120328,110,599,183,2.5,7,0.019,REORDER NOW,2021-12-31
SKU0040,BrandD Biscuits,Snacks,BrandD,Italy,2021,6416,36319.56,17.57,8.02,0.456,C,X,CX,6.589068100358422,26,142,287,16.3,9,0.025,HEALTHY,2021-12-31
SKU0056,BrandB Milk,Dairy,BrandB,Italy,2021,7560,35832.09,20.72,10.09,0.487,C,X,CX,6.576856118791603,33,169,266,12.8,15,0.041,HEALTHY,2021-12-31
SKU0015,BrandC Water,Beverages,BrandC,Italy,2021,3538,32868.02,9.68,3.42,0.353,C,X,CX,6.284741423451101,11,72,327,33.8,13,0.036,OVERSTOCK,2021-12-31
SKU0091,BrandA Soap,Personal Care,BrandA,Italy,2021,6042,32678.36,16.57,7.38,0.445,C,X,CX,6.582853302611366,24,133,304,18.3,10,0.027,HEALTHY,2021-12-31
SKU0067,BrandA Detergent,Home Care,BrandA,Italy,2021,11473,30747.64,31.43,10.36,0.33,C,X,CX,6.5826292882744495,34,241,329,10.5,11,0.03,LOW,2021-12-31
SKU0019,BrandA Energy drink,Beverages,BrandA,Italy,2021,6006,29529.61,16.45,7.99,0.486,C,X,CX,6.318990015360984,26,130,276,16.8,14,0.038,HEALTHY,2021-12-31
SKU0051,BrandC Yogurt,Dairy,BrandC,Italy,2021,20236,29139.84,55.43,19.67,0.355,C,X,CX,6.536411930363543,64,426,424,7.6,9,0.025,REORDER NOW,2021-12-31
SKU0037,BrandA Biscuits,Snacks,BrandA,Italy,2021,26093,28180.44,71.47,24.33,0.34,C,X,CX,6.412704813108039,79,537,120,1.7,13,0.036,REORDER NOW,2021-12-31
SKU0008,BrandB Juice,Beverages,BrandB,Italy,2021,7875,27956.25,21.54,7.22,0.335,C,X,CX,6.500230414746544,24,164,281,13.0,10,0.027,HEALTHY,2021-12-31
SKU0086,BrandB Shampoo,Personal Care,BrandB,Italy,2021,2857,27863.5,7.81,3.65,0.468,C,X,CX,6.3370199692780345,12,62,181,23.2,10,0.027,HEALTHY,2021-12-31
SKU0062,BrandB Cheese,Dairy,BrandB,Italy,2021,4880,26596.0,13.37,4.98,0.373,C,X,CX,6.5919354838709685,16,104,319,23.9,20,0.055,HEALTHY,2021-12-31
SKU0029,BrandE Chips,Snacks,BrandE,Italy,2021,10875,22930.47,29.85,13.81,0.463,C,X,CX,6.494034818228367,45,239,265,8.9,12,0.033,LOW,2021-12-31
SKU0003,BrandC Soda,Beverages,BrandC,Italy,2021,7074,22495.32,19.35,6.76,0.349,C,X,CX,6.512397593445981,22,148,334,17.3,10,0.027,HEALTHY,2021-12-31
SKU0042,BrandF Biscuits,Snacks,BrandF,Italy,2021,3881,21850.03,10.64,3.64,0.342,C,X,CX,6.522766257040451,12,81,287,27.0,11,0.03,HEALTHY,2021-12-31
SKU0065,BrandE Cheese,Dairy,BrandE,Italy,2021,19017,19510.17,52.07,25.05,0.481,C,X,CX,6.402720174091141,81,414,384,7.4,9,0.025,REORDER NOW,2021-12-31
SKU0030,BrandF Chips,Snacks,BrandF,Italy,2021,11744,19142.72,32.14,11.32,0.352,C,X,CX,6.426881720430107,37,244,111,3.5,11,0.03,REORDER NOW,2021-12-31
SKU0075,BrandC Softener,Home Care,BrandC,Italy,2021,9694,16673.68,26.53,8.74,0.33,C,X,CX,6.499430363543266,29,201,221,8.3,12,0.033,LOW,2021-12-31
SKU0055,BrandA Milk,Dairy,BrandA,Italy,2021,3951,16594.2,10.83,3.8,0.351,C,X,CX,6.477489759344597,12,82,444,41.0,10,0.027,OVERSTOCK,2021-12-31
SKU0073,BrandA Softener,Home Care,BrandA,Italy,2021,2904,14490.96,7.96,2.86,0.359,C,X,CX,6.610803891449053,9,62,181,22.7,8,0.022,HEALTHY,2021-12-31
SKU0050,BrandB Yogurt,Dairy,BrandB,Italy,2021,5074,6900.64,13.9,5.04,0.362,C,X,CX,6.693766001024066,17,110,349,25.1,16,0.044,HEALTHY,2021-12-31
SKU0027,BrandC Chips,Snacks,BrandC,Poland,2021,47054,630669.75,129.03,57.77,0.448,A,X,AX,6.534728622631849,344,1187,371,2.9,5,0.014,REORDER NOW,2021-12-31
SKU0018,BrandF Water,Beverages,BrandF,Poland,2021,38298,556086.96,104.81,36.96,0.353,A,X,AX,6.407859703020993,218,890,327,3.1,14,0.038,REORDER NOW,2021-12-31
SKU0026,BrandB Chips,Snacks,BrandB,Poland,2021,34921,508798.97,95.6,31.41,0.329,A,X,AX,6.4950780849974405,187,808,362,3.8,11,0.03,REORDER NOW,2021-12-31
SKU0057,BrandC Milk,Dairy,BrandC,Poland,2021,34265,480395.3,93.94,34.03,0.362,A,X,AX,6.556003584229391,203,819,373,4.0,16,0.044,REORDER NOW,2021-12-31
SKU0064,BrandD Cheese,Dairy,BrandD,Poland,2021,35981,447963.45,98.64,33.91,0.344,A,X,AX,6.440482590885817,201,836,263,2.7,14,0.038,REORDER NOW,2021-12-31
SKU0100,BrandD Toothpaste,Personal Care,BrandD,Poland,2021,32946,442135.32,90.27,32.58,0.361,A,X,AX,6.494994879672299,193,779,346,3.8,18,0.049,REORDER NOW,2021-12-31
SKU0041,BrandE Biscuits,Snacks,BrandE,Poland,2021,33649,413377.07,92.25,44.69,0.484,A,X,AX,6.59137224782386,267,875,158,1.7,11,0.03,REORDER NOW,2021-12-31
SKU0028,BrandD Chips,Snacks,BrandD,Poland,2021,40809,382380.33,111.77,41.17,0.368,A,X,AX,6.197478238607271,239,932,446,4.0,19,0.052,REORDER NOW,2021-12-31
SKU0079,BrandA Cleaner,Home Care,BrandA,Poland,2021,37918,371879.51,103.78,49.66,0.479,A,X,AX,6.4227854582693285,293,960,219,2.1,7,0.019,REORDER NOW,2021-12-31
SKU0005,BrandE Soda,Beverages,BrandE,Poland,2021,41572,366412.51,113.76,52.81,0.464,A,X,AX,6.2987135176651305,309,1026,220,1.9,12,0.033,REORDER NOW,2021-12-31
SKU0058,BrandD Milk,Dairy,BrandD,Poland,2021,36940,364597.8,101.18,38.07,0.376,A,X,AX,6.514132104454685,226,885,365,3.6,20,0.055,REORDER NOW,2021-12-31
SKU0038,BrandB Biscuits,Snacks,BrandB,Poland,2021,32831,357857.9,89.98,30.54,0.339,A,X,AX,6.577124935995904,182,774,220,2.4,11,0.03,REORDER NOW,2021-12-31
SKU0002,BrandB Soda,Beverages,BrandB,Poland,2021,29899,336363.75,81.88,26.37,0.322,A,X,AX,6.551568100358423,157,693,304,3.7,4,0.011,REORDER NOW,2021-12-31
SKU0045,BrandC Nuts,Snacks,BrandC,Poland,2021,26826,334786.04,73.47,36.56,0.498,A,X,AX,6.596287762416794,219,704,368,5.0,8,0.022,REORDER NOW,2021-12-31
SKU0060,BrandF Milk,Dairy,BrandF,Poland,2021,24199,326686.5,66.34,20.37,0.307,A,X,AX,6.501932923707117,121,552,246,3.7,6,0.016,REORDER NOW,2021-12-31
SKU0001,BrandA Soda,Beverages,BrandA,Poland,2021,52290,307522.49,143.17,65.02,0.454,A,X,AX,6.62789298515105,390,1339,329,2.3,13,0.036,REORDER NOW,2021-12-31
SKU0094,BrandD Soap,Personal Care,BrandD,Poland,2021,24621,306285.24,67.51,22.42,0.332,A,X,AX,6.579121863799283,134,578,317,4.7,10,0.027,REORDER NOW,2021-12-31
SKU0013,BrandA Water,Beverages,BrandA,Poland,2021,43400,303222.05,118.71,52.39,0.441,A,X,AX,6.656381208397337,315,1105,241,2.0,10,0.027,REORDER NOW,2021-12-31
SKU0048,BrandF Nuts,Snacks,BrandF,Poland,2021,27228,301153.14,74.56,34.86,0.468,A,X,AX,6.406579621095751,206,684,189,2.5,15,0.041,REORDER NOW,2021-12-31
SKU0054,BrandF Yogurt,Dairy,BrandF,Poland,2021,39075,248063.82,107.02,48.8,0.456,A,X,AX,6.652617767537122,293,1005,259,2.4,8,0.022,REORDER NOW,2021-12-31
SKU0070,BrandD Detergent,Home Care,BrandD,Poland,2021,40496,246620.64,110.97,35.86,0.323,A,X,AX,6.424167946748592,212,925,417,3.8,11,0.03,REORDER NOW,2021-12-31
SKU0068,BrandB Detergent,Home Care,BrandB,Poland,2021,18025,239311.18,49.41,22.87,0.463,A,X,AX,6.51028545826933,136,458,254,5.1,11,0.03,REORDER NOW,2021-12-31
SKU0082,BrandD Cleaner,Home Care,BrandD,Poland,2021,24071,237580.77,65.93,22.61,0.343,A,X,AX,6.421511776753712,134,557,304,4.6,11,0.03,REORDER NOW,2021-12-31
SKU0020,BrandB Energy drink,Beverages,BrandB,Poland,2021,22214,235024.12,60.85,21.0,0.345,A,X,AX,6.379518689196108,124,512,273,4.5,11,0.03,REORDER NOW,2021-12-31
SKU0074,BrandB Softener,Home Care,BrandB,Poland,2021,26262,234178.77,71.92,32.1,0.446,A,X,AX,6.387224782386073,189,648,262,3.6,11,0.03,REORDER NOW,2021-12-31
SKU0089,BrandE Shampoo,Personal Care,BrandE,Poland,2021,17577,187546.59,48.13,16.61,0.345,A,X,AX,6.46557859703021,98,409,212,4.4,11,0.03,REORDER NOW,2021-12-31
SKU0071,BrandE Detergent,Home Care,BrandE,Poland,2021,12613,182510.11,34.56,11.47,0.332,A,X,AX,6.5823348694316435,69,297,240,6.9,9,0.025,REORDER NOW,2021-12-31
SKU0081,BrandC Cleaner,Home Care,BrandC,Poland,2021,28577,175748.55,78.32,27.11,0.346,A,X,AX,6.4232270865335375,160,663,336,4.3,15,0.041,REORDER NOW,2021-12-31
SKU0053,BrandE Yogurt,Dairy,BrandE,Poland,2021,12410,170141.1,34.01,11.77,0.346,A,X,AX,6.503577828981054,70,291,323,9.5,12,0.033,LOW,2021-12-31
SKU0049,BrandA Yogurt,Dairy,BrandA,Poland,2021,20318,169045.76,55.73,19.06,0.342,A,X,AX,6.435714285714286,113,472,301,5.4,5,0.014,REORDER NOW,2021-12-31
SKU0076,BrandD Softener,Home Care,BrandD,Poland,2021,12141,166574.52,33.29,11.52,0.346,B,X,BX,6.434018177163338,48,262,328,9.9,11,0.03,LOW,2021-12-31
SKU0023,BrandE Energy drink,Beverages,BrandE,Poland,2021,36606,159800.72,100.14,47.39,0.473,B,X,BX,6.493113159242192,199,849,234,2.3,10,0.027,REORDER NOW,2021-12-31
SKU0036,BrandF Chocolate,Snacks,BrandF,Poland,2021,14347,158453.6,39.36,18.5,0.47,B,X,BX,6.416986687147978,77,330,451,11.5,12,0.033,LOW,2021-12-31
SKU0007,BrandA Juice,Beverages,BrandA,Poland,2021,12342,156126.3,33.78,11.89,0.352,B,X,BX,6.610618279569892,50,273,387,11.5,12,0.033,LOW,2021-12-31
SKU0080,BrandB Cleaner,Home Care,BrandB,Poland,2021,38207,154959.0,104.63,52.81,0.505,B,Y,BY,6.6000384024577565,224,915,339,3.2,11,0.03,REORDER NOW,2021-12-31
SKU0009,BrandC Juice,Beverages,BrandC,Poland,2021,25996,136738.96,71.21,25.47,0.358,B,X,BX,6.402636968766001,106,562,443,6.2,13,0.036,REORDER NOW,2021-12-31
SKU0033,BrandC Chocolate,Snacks,BrandC,Poland,2021,27203,134110.79,74.57,26.33,0.353,B,X,BX,6.541852278545828,111,599,313,4.2,11,0.03,REORDER NOW,2021-12-31
SKU0102,BrandF Toothpaste,Personal Care,BrandF,Poland,2021,43169,133475.64,118.23,55.31,0.468,B,X,BX,6.501126472094214,233,1002,249,2.1,6,0.016,REORDER NOW,2021-12-31
SKU0034,BrandD Chocolate,Snacks,BrandD,Poland,2021,47687,132888.5,130.94,58.39,0.446,B,X,BX,6.591583461341526,247,1110,375,2.9,4,0.011,REORDER NOW,2021-12-31
SKU0010,BrandD Juice,Beverages,BrandD,Poland,2021,19058,126253.07,52.2,22.77,0.436,B,X,BX,6.453808243727598,95,432,254,4.9,8,0.022,REORDER NOW,2021-12-31
SKU0052,BrandD Yogurt,Dairy,BrandD,Poland,2021,23211,125339.4,63.65,22.51,0.354,B,X,BX,6.645698924731183,96,519,376,5.9,11,0.03,REORDER NOW,2021-12-31
SKU0072,BrandF Detergent,Home Care,BrandF,Poland,2021,14336,114114.56,39.25,13.04,0.332,B,X,BX,6.469751664106503,55,309,223,5.7,11,0.03,REORDER NOW,2021-12-31
SKU0012,BrandF Juice,Beverages,BrandF,Poland,2021,23275,111091.79,63.71,30.69,0.482,B,X,BX,6.549270353302611,130,547,249,3.9,9,0.025,REORDER NOW,2021-12-31
SKU0031,BrandA Chocolate,Snacks,BrandA,Poland,2021,18469,111044.89,50.6,23.73,0.469,B,X,BX,6.4851382488479254,100,428,349,6.9,7,0.019,REORDER NOW,2021-12-31
SKU0016,BrandD Water,Beverages,BrandD,Poland,2021,12168,108362.62,33.28,16.19,0.487,B,X,BX,6.518215565796211,68,285,396,11.9,13,0.036,LOW,2021-12-31
SKU0095,BrandE Soap,Personal Care,BrandE,Poland,2021,12212,102825.04,33.46,11.6,0.347,B,X,BX,6.432782898105479,49,264,324,9.7,9,0.025,LOW,2021-12-31
SKU0035,BrandE Chocolate,Snacks,BrandE,Poland,2021,50336,102685.44,137.91,47.17,0.342,B,X,BX,6.33565668202765,196,1070,366,2.7,9,0.025,REORDER NOW,2021-12-31
SKU0098,BrandB Toothpaste,Personal Care,BrandB,Poland,2021,18692,101930.75,51.16,22.73,0.444,B,X,BX,6.407923707117256,95,423,323,6.3,10,0.027,REORDER NOW,2021-12-31
SKU0014,BrandB Water,Beverages,BrandB,Poland,2021,26212,99605.6,71.78,23.35,0.325,B,X,BX,6.5304851510496675,98,567,334,4.7,11,0.03,REORDER NOW,2021-12-31
SKU0087,BrandC Shampoo,Personal Care,BrandC,Poland,2021,11946,97598.82,32.73,11.17,0.341,B,X,BX,6.530427547363032,47,261,344,10.5,9,0.025,LOW,2021-12-31
SKU0011,BrandE Juice,Beverages,BrandE,Poland,2021,10774,96968.51,29.5,14.08,0.477,B,X,BX,6.558646953405018,59,252,252,8.5,10,0.027,REORDER NOW,2021-12-31
SKU0043,BrandA Nuts,Snacks,BrandA,Poland,2021,19128,96173.65,52.37,25.29,0.483,B,X,BX,6.457661290322581,106,444,298,5.7,15,0.041,REORDER NOW,2021-12-31
SKU0088,BrandD Shampoo,Personal Care,BrandD,Poland,2021,9450,94783.5,25.9,9.24,0.357,B,X,BX,6.332123655913978,38,202,350,13.5,16,0.044,HEALTHY,2021-12-31
SKU0063,BrandC Cheese,Dairy,BrandC,Poland,2021,22890,88955.63,62.68,30.59,0.488,C,X,CX,6.4473374295954935,99,503,367,5.9,11,0.03,REORDER NOW,2021-12-31
SKU0096,BrandF Soap,Personal Care,BrandF,Poland,2021,37831,87011.3,103.56,36.92,0.357,C,X,CX,6.79839349718382,123,827,217,2.1,12,0.033,REORDER NOW,2021-12-31
SKU0066,BrandF Cheese,Dairy,BrandF,Poland,2021,13153,84645.31,36.0,16.37,0.455,C,X,CX,6.7141001024065545,54,296,276,7.7,13,0.036,REORDER NOW,2021-12-31
SKU0083,BrandE Cleaner,Home Care,BrandE,Poland,2021,35269,79707.94,96.66,33.53,0.347,C,X,CX,6.442121095750128,109,732,300,3.1,9,0.025,REORDER NOW,2021-12-31
SKU0004,BrandD Soda,Beverages,BrandD,Poland,2021,40760,73775.6,111.58,42.94,0.385,C,X,CX,6.558243727598566,141,873,341,3.1,18,0.049,REORDER NOW,2021-12-31
SKU0077,BrandE Softener,Home Care,BrandE,Poland,2021,25151,71176.37,68.91,35.07,0.509,C,Y,CY,6.471358166922683,114,560,284,4.1,17,0.047,REORDER NOW,2021-12-31
SKU0039,BrandC Biscuits,Snacks,BrandC,Poland,2021,5795,68381.0,15.87,5.77,0.364,C,X,CX,6.550716845878136,19,123,253,15.9,14,0.038,HEALTHY,2021-12-31
SKU0021,BrandC Energy drink,Beverages,BrandC,Poland,2021,25071,67942.41,68.62,23.55,0.343,C,X,CX,6.436098310291858,76,518,297,4.3,9,0.025,REORDER NOW,2021-12-31
SKU0006,BrandF Soda,Beverages,BrandF,Poland,2021,55116,66017.74,150.94,68.61,0.455,C,X,CX,6.494662058371735,224,1204,385,2.6,8,0.022,REORDER NOW,2021-12-31
SKU0101,BrandE Toothpaste,Personal Care,BrandE,Poland,2021,6944,65737.73,19.03,8.2,0.431,C,X,CX,6.458608550947261,27,150,256,13.4,10,0.027,HEALTHY,2021-12-31
SKU0022,BrandD Energy drink,Beverages,BrandD,Poland,2021,43732,64723.36,119.73,41.83,0.349,C,X,CX,6.538133640552996,137,920,48,0.4,13,0.036,REORDER NOW,2021-12-31
SKU0084,BrandF Cleaner,Home Care,BrandF,Poland,2021,10128,55602.72,27.73,9.32,0.336,C,X,CX,6.339989759344598,30,206,275,9.9,11,0.03,LOW,2021-12-31
SKU0056,BrandB Milk,Dairy,BrandB,Poland,2021,10710,50752.56,29.35,13.61,0.464,C,X,CX,6.4593317972350235,44,234,434,14.8,7,0.019,HEALTHY,2021-12-31
SKU0040,BrandD Biscuits,Snacks,BrandD,Poland,2021,8822,50024.07,24.16,11.29,0.467,C,X,CX,6.752758576548899,38,201,148,6.1,13,0.036,REORDER NOW,2021-12-31
SKU0015,BrandC Water,Beverages,BrandC,Poland,2021,5094,47323.26,13.93,5.18,0.372,C,X,CX,6.5562532002048135,17,108,443,31.8,12,0.033,OVERSTOCK,2021-12-31
SKU0085,BrandA Shampoo,Personal Care,BrandA,Poland,2021,30778,45288.18,84.22,38.41,0.456,C,X,CX,6.65378904249872,127,687,225,2.7,10,0.027,REORDER NOW,2021-12-31
SKU0091,BrandA Soap,Personal Care,BrandA,Poland,2021,8288,44840.06,22.74,10.36,0.456,C,X,CX,6.428865847414234,34,180,243,10.7,13,0.036,LOW,2021-12-31
SKU0067,BrandA Detergent,Home Care,BrandA,Poland,2021,16092,43126.56,44.07,14.7,0.334,C,X,CX,6.6177227342549925,48,340,388,8.8,11,0.03,LOW,2021-12-31
SKU0019,BrandA Energy drink,Beverages,BrandA,Poland,2021,8725,42809.53,23.88,11.89,0.498,C,X,CX,6.652886584741424,39,198,314,13.1,12,0.033,HEALTHY,2021-12-31
SKU0051,BrandC Yogurt,Dairy,BrandC,Poland,2021,27598,39741.12,75.51,25.61,0.339,C,X,CX,6.316717869943677,82,559,340,4.5,11,0.03,REORDER NOW,2021-12-31
SKU0062,BrandB Cheese,Dairy,BrandB,Poland,2021,7143,38929.35,19.59,6.55,0.334,C,X,CX,6.553245007680491,21,149,358,18.3,6,0.016,HEALTHY,2021-12-31
SKU0086,BrandB Shampoo,Personal Care,BrandB,Poland,2021,3966,38686.04,10.87,5.35,0.493,C,X,CX,6.495705325140809,17,88,357,32.9,12,0.033,OVERSTOCK,2021-12-31
SKU0003,BrandC Soda,Beverages,BrandC,Poland,2021,9868,31380.24,27.01,9.49,0.351,C,X,CX,6.507962109575012,31,207,252,9.3,15,0.041,LOW,2021-12-31
SKU0055,BrandA Milk,Dairy,BrandA,Poland,2021,5776,24259.2,15.82,5.21,0.329,C,X,CX,6.297996671786994,17,117,220,13.9,6,0.016,HEALTHY,2021-12-31
SKU0075,BrandC Softener,Home Care,BrandC,Poland,2021,13934,23966.48,38.2,12.84,0.336,C,X,CX,6.556131592421916,42,292,295,7.7,10,0.027,LOW,2021-12-31
SKU0073,BrandA Softener,Home Care,BrandA,Poland,2021,4227,21092.73,11.57,3.83,0.331,C,X,CX,6.4051907322068615,12,86,324,28.0,12,0.033,HEALTHY,2021-12-31
SKU0050,BrandB Yogurt,Dairy,BrandB,Poland,2021,6989,9505.04,19.15,6.39,0.334,C,X,CX,6.652252944188429,21,148,166,8.7,8,0.022,LOW,2021-12-31
SKU0092,BrandB Soap,Personal Care,BrandB,Spain,2021,31392,437918.4,85.95,30.77,0.358,A,X,AX,6.480120327700973,182,739,293,3.4,11,0.03,REORDER NOW,2021-12-31
SKU0027,BrandC Chips,Snacks,BrandC,Spain,2021,32285,434309.47,88.44,38.88,0.44,A,X,AX,6.507360471070148,231,806,309,3.5,16,0.044,REORDER NOW,2021-12-31
SKU0057,BrandC Milk,Dairy,BrandC,Spain,2021,29631,415426.62,81.18,29.92,0.369,A,X,AX,6.477444956477214,177,703,464,5.7,17,0.047,REORDER NOW,2021-12-31
SKU0018,BrandF Water,Beverages,BrandF,Spain,2021,28508,413936.16,78.01,24.71,0.317,A,X,AX,6.556726830517153,147,658,320,4.1,8,0.022,REORDER NOW,2021-12-31
SKU0064,BrandD Cheese,Dairy,BrandD,Spain,2021,31328,390033.6,85.89,30.15,0.351,A,X,AX,6.538498463901689,180,742,391,4.6,17,0.047,REORDER NOW,2021-12-31
SKU0026,BrandB Chips,Snacks,BrandB,Spain,2021,25039,364818.23,68.58,23.01,0.336,A,X,AX,6.376056067588325,135,572,430,6.3,10,0.027,REORDER NOW,2021-12-31
SKU0041,BrandE Biscuits,Snacks,BrandE,Spain,2021,29278,359492.03,80.3,34.16,0.425,A,X,AX,6.502681771633385,203,725,309,3.8,8,0.022,REORDER NOW,2021-12-31
SKU0061,BrandA Cheese,Dairy,BrandA,Spain,2021,27615,339664.5,75.65,26.02,0.344,A,X,AX,6.536936763952894,155,649,234,3.1,13,0.036,REORDER NOW,2021-12-31
SKU0099,BrandC Toothpaste,Personal Care,BrandC,Spain,2021,31396,325792.19,85.93,42.09,0.49,A,X,AX,6.488351254480286,250,808,334,3.9,11,0.03,REORDER NOW,2021-12-31
SKU0100,BrandD Toothpaste,Personal Care,BrandD,Spain,2021,24126,323770.92,66.05,22.0,0.333,A,X,AX,6.520295698924731,131,562,320,4.8,10,0.027,REORDER NOW,2021-12-31
SKU0005,BrandE Soda,Beverages,BrandE,Spain,2021,35024,308601.09,95.83,47.68,0.498,A,X,AX,6.442389912954429,282,899,295,3.1,12,0.033,REORDER NOW,2021-12-31
SKU0028,BrandD Chips,Snacks,BrandD,Spain,2021,30064,281699.68,82.36,25.59,0.311,A,X,AX,6.456880440348183,152,684,232,2.8,7,0.019,REORDER NOW,2021-12-31
SKU0097,BrandA Toothpaste,Personal Care,BrandA,Spain,2021,19907,270934.27,54.55,18.46,0.338,A,X,AX,6.6705005120327705,111,475,310,5.7,9,0.025,REORDER NOW,2021-12-31
SKU0058,BrandD Milk,Dairy,BrandD,Spain,2021,26208,258672.96,71.82,26.22,0.365,A,X,AX,6.443676395289298,155,618,237,3.3,16,0.044,REORDER NOW,2021-12-31
SKU0079,BrandA Cleaner,Home Care,BrandA,Spain,2021,26159,257907.23,71.57,32.56,0.455,A,X,AX,6.4266321044546855,192,652,346,4.8,15,0.041,REORDER NOW,2021-12-31
SKU0038,BrandB Biscuits,Snacks,BrandB,Spain,2021,23131,252127.9,63.37,24.08,0.38,A,X,AX,6.308262928827445,141,541,239,3.8,12,0.033,REORDER NOW,2021-12-31
SKU0002,BrandB Soda,Beverages,BrandB,Spain,2021,21596,242955.0,59.13,18.65,0.315,A,X,AX,6.449743983614951,110,491,277,4.7,4,0.011,REORDER NOW,2021-12-31
SKU0045,BrandC Nuts,Snacks,BrandC,Spain,2021,19127,239610.05,52.42,23.82,0.454,A,X,AX,6.652457757296467,143,492,224,4.3,10,0.027,REORDER NOW,2021-12-31
SKU0069,BrandC Detergent,Home Care,BrandC,Spain,2021,29983,234920.57,82.14,36.72,0.447,A,X,AX,6.538005632360471,219,756,199,2.4,8,0.022,REORDER NOW,2021-12-31
SKU0044,BrandB Nuts,Snacks,BrandB,Spain,2021,20951,234860.71,57.41,19.76,0.344,A,X,AX,6.48886968766001,117,489,446,7.8,8,0.022,REORDER NOW,2021-12-31
SKU0060,BrandF Milk,Dairy,BrandF,Spain,2021,17170,231795.0,47.0,16.22,0.345,A,X,AX,6.387320788530466,96,396,411,8.7,5,0.014,LOW,2021-12-31
SKU0001,BrandA Soda,Beverages,BrandA,Spain,2021,38555,226729.78,105.56,47.27,0.448,A,X,AX,6.4149129544290835,279,956,363,3.4,5,0.014,REORDER NOW,2021-12-31
SKU0094,BrandD Soap,Personal Care,BrandD,Spain,2021,17485,217513.4,47.9,16.55,0.346,A,X,AX,6.620442908346134,99,416,321,6.7,11,0.03,REORDER NOW,2021-12-31
SKU0070,BrandD Detergent,Home Care,BrandD,Spain,2021,35322,215110.98,96.77,33.43,0.345,A,X,AX,6.548438300051203,199,833,173,1.8,11,0.03,REORDER NOW,2021-12-31
SKU0048,BrandF Nuts,Snacks,BrandF,Spain,2021,19374,214228.99,53.09,23.3,0.439,A,X,AX,6.536578341013825,139,486,211,4.0,7,0.019,REORDER NOW,2021-12-31
SKU0013,BrandA Water,Beverages,BrandA,Spain,2021,30456,212057.26,83.27,37.59,0.451,A,X,AX,6.554128264208909,224,770,172,2.1,15,0.041,REORDER NOW,2021-12-31
SKU0047,BrandE Nuts,Snacks,BrandE,Spain,2021,18140,211331.0,49.69,19.01,0.383,A,X,AX,6.5039810547875065,113,436,322,6.5,14,0.038,REORDER NOW,2021-12-31
SKU0054,BrandF Yogurt,Dairy,BrandF,Spain,2021,31199,198233.62,85.55,39.16,0.458,A,X,AX,6.4235215053763435,231,781,302,3.5,12,0.033,REORDER NOW,2021-12-31
SKU0032,BrandB Chocolate,Snacks,BrandB,Spain,2021,16359,192592.89,44.83,22.46,0.501,A,Y,AY,6.56613543266769,134,428,352,7.9,15,0.041,REORDER NOW,2021-12-31
SKU0068,BrandB Detergent,Home Care,BrandB,Spain,2021,13115,173397.62,35.97,16.77,0.466,A,X,AX,6.530030721966206,100,335,289,8.0,14,0.038,REORDER NOW,2021-12-31
SKU0020,BrandB Energy drink,Beverages,BrandB,Spain,2021,16139,170750.62,44.18,14.41,0.326,A,X,AX,6.34247311827957,85,365,344,7.8,9,0.025,REORDER NOW,2021-12-31
SKU0074,BrandB Softener,Home Care,BrandB,Spain,2021,18882,168380.8,51.68,23.48,0.454,A,X,AX,6.406784434203789,138,469,216,4.2,7,0.019,REORDER NOW,2021-12-31
SKU0082,BrandD Cleaner,Home Care,BrandD,Spain,2021,16567,163516.29,45.45,16.49,0.363,A,X,AX,6.212724014336917,96,378,378,8.3,17,0.047,REORDER NOW,2021-12-31
SKU0071,BrandE Detergent,Home Care,BrandE,Spain,2021,11083,160371.01,30.35,10.0,0.329,A,X,AX,6.4813620071684594,59,256,303,10.0,7,0.019,LOW,2021-12-31
SKU0089,BrandE Shampoo,Personal Care,BrandE,Spain,2021,12949,138165.83,35.48,11.48,0.324,A,X,AX,6.424750384024577,68,296,295,8.3,7,0.019,REORDER NOW,2021-12-31
SKU0007,BrandA Juice,Beverages,BrandA,Spain,2021,10459,132306.35,28.63,9.82,0.343,A,X,AX,6.4126664106502815,58,242,484,16.9,9,0.025,HEALTHY,2021-12-31
SKU0078,BrandF Softener,Home Care,BrandF,Spain,2021,8874,131335.2,24.31,8.06,0.331,A,X,AX,6.6513056835637485,48,210,238,9.8,7,0.019,LOW,2021-12-31
SKU0081,BrandC Cleaner,Home Care,BrandC,Spain,2021,20114,123701.1,55.14,17.88,0.324,B,X,BX,6.2854390681003585,74,421,294,5.3,11,0.03,REORDER NOW,2021-12-31
SKU0053,BrandE Yogurt,Dairy,BrandE,Spain,2021,8926,122375.46,24.44,8.83,0.361,B,X,BX,6.5786866359447,37,198,379,15.5,15,0.041,HEALTHY,2021-12-31
SKU0076,BrandD Softener,Home Care,BrandD,Spain,2021,8667,118911.24,23.72,7.92,0.334,B,X,BX,6.574884792626729,33,189,365,15.4,11,0.03,HEALTHY,2021-12-31
SKU0023,BrandE Energy drink,Beverages,BrandE,Spain,2021,26935,117490.74,73.66,33.92,0.46,B,X,BX,6.577406554019458,144,629,254,3.4,12,0.033,REORDER NOW,2021-12-31
SKU0033,BrandC Chocolate,Snacks,BrandC,Spain,2021,23470,115707.1,64.31,24.24,0.377,B,X,BX,6.464996159754224,102,518,217,3.4,17,0.047,REORDER NOW,2021-12-31
SKU0049,BrandA Yogurt,Dairy,BrandA,Spain,2021,13834,115098.88,37.88,12.4,0.327,B,X,BX,6.5913658474142345,53,303,337,8.9,12,0.033,LOW,2021-12-31
SKU0036,BrandF Chocolate,Snacks,BrandF,Spain,2021,10386,115040.1,28.47,13.39,0.47,B,X,BX,6.515572196620584,56,242,421,14.8,11,0.03,HEALTHY,2021-12-31
SKU0080,BrandB Cleaner,Home Care,BrandB,Spain,2021,26664,108413.44,73.04,34.7,0.475,B,X,BX,6.646857398873528,148,634,194,2.7,13,0.036,REORDER NOW,2021-12-31
SKU0010,BrandD Juice,Beverages,BrandD,Spain,2021,16299,108009.42,44.58,19.61,0.44,B,X,BX,6.513812083973374,83,373,376,8.4,12,0.033,LOW,2021-12-31
SKU0052,BrandD Yogurt,Dairy,BrandD,Spain,2021,19179,103566.6,52.55,18.72,0.356,B,X,BX,6.574315156169995,79,424,354,6.7,11,0.03,REORDER NOW,2021-12-31
SKU0024,BrandF Energy drink,Beverages,BrandF,Spain,2021,19234,103094.24,52.69,18.04,0.342,B,X,BX,6.445116487455198,76,416,339,6.4,8,0.022,REORDER NOW,2021-12-31
SKU0009,BrandC Juice,Beverages,BrandC,Spain,2021,18950,99677.0,51.88,15.85,0.305,B,X,BX,6.437589605734767,66,400,252,4.9,6,0.016,REORDER NOW,2021-12-31
SKU0102,BrandF Toothpaste,Personal Care,BrandF,Spain,2021,31295,96676.78,85.63,39.8,0.465,B,X,BX,6.429429083461341,167,718,144,1.7,13,0.036,REORDER NOW,2021-12-31
SKU0093,BrandC Soap,Personal Care,BrandC,Spain,2021,20191,93080.51,55.29,19.41,0.351,B,X,BX,6.488792882744495,82,441,415,7.5,10,0.027,REORDER NOW,2021-12-31
SKU0034,BrandD Chocolate,Snacks,BrandD,Spain,2021,33028,92109.55,90.62,42.08,0.464,B,X,BX,6.2909626216077825,174,744,279,3.1,10,0.027,REORDER NOW,2021-12-31
SKU0095,BrandE Soap,Personal Care,BrandE,Spain,2021,10336,87029.12,28.29,9.8,0.347,B,X,BX,6.683992575524833,42,231,287,10.1,12,0.033,LOW,2021-12-31
SKU0059,BrandE Milk,Dairy,BrandE,Spain,2021,7004,85799.0,19.21,6.76,0.352,B,X,BX,6.321012544802868,28,149,322,16.8,15,0.041,HEALTHY,2021-12-31
SKU0072,BrandF Detergent,Home Care,BrandF,Spain,2021,10628,84598.88,29.11,9.28,0.319,B,X,BX,6.577944188428059,39,231,344,11.8,15,0.041,LOW,2021-12-31
SKU0014,BrandB Water,Beverages,BrandB,Spain,2021,22154,84185.2,60.66,19.53,0.322,B,X,BX,6.333902969790067,81,465,184,3.0,7,0.019,REORDER NOW,2021-12-31
SKU0090,BrandF Shampoo,Personal Care,BrandF,Spain,2021,5957,84053.27,16.31,5.56,0.341,B,X,BX,6.520519713261649,23,129,337,20.7,6,0.016,HEALTHY,2021-12-31
SKU0017,BrandE Water,Beverages,BrandE,Spain,2021,45136,80882.26,123.46,57.76,0.468,B,X,BX,6.519546850998464,243,1048,216,1.7,13,0.036,REORDER NOW,2021-12-31
SKU0031,BrandA Chocolate,Snacks,BrandA,Spain,2021,13325,80221.52,36.47,16.92,0.464,B,X,BX,6.610035842293907,72,313,273,7.5,7,0.019,REORDER NOW,2021-12-31
SKU0016,BrandD Water,Beverages,BrandD,Spain,2021,8824,78802.64,24.13,11.27,0.467,B,X,BX,6.3662314388120835,47,201,199,8.2,12,0.033,REORDER NOW,2021-12-31
SKU0012,BrandF Juice,Beverages,BrandF,Spain,2021,16138,77308.97,44.15,19.28,0.437,B,X,BX,6.374987199180747,80,361,242,5.5,11,0.03,REORDER NOW,2021-12-31
SKU0098,BrandB Toothpaste,Personal Care,BrandB,Spain,2021,13603,74146.23,37.27,15.92,0.427,B,X,BX,6.488268049155145,67,309,472,12.7,7,0.019,HEALTHY,2021-12-31
SKU0035,BrandE Chocolate,Snacks,BrandE,Spain,2021,34633,70651.32,95.07,32.16,0.338,B,X,BX,6.514925755248336,135,754,336,3.5,8,0.022,REORDER NOW,2021-12-31
SKU0046,BrandD Nuts,Snacks,BrandD,Spain,2021,27649,69211.32,75.71,36.91,0.488,B,X,BX,6.57676011264721,156,654,333,4.4,15,0.041,REORDER NOW,2021-12-31
SKU0011,BrandE Juice,Beverages,BrandE,Spain,2021,7596,68539.86,20.77,9.02,0.434,C,X,CX,6.465226574500768,29,163,279,13.4,11,0.03,HEALTHY,2021-12-31
SKU0043,BrandA Nuts,Snacks,BrandA,Spain,2021,13524,68005.93,37.08,16.2,0.437,C,X,CX,6.642223502304148,53,299,268,7.2,7,0.019,REORDER NOW,2021-12-31
SKU0088,BrandD Shampoo,Personal Care,BrandD,Spain,2021,6766,67862.98,18.53,6.35,0.343,C,X,CX,6.4357462877624165,21,140,205,11.1,13,0.036,LOW,2021-12-31
SKU0087,BrandC Shampoo,Personal Care,BrandC,Spain,2021,8256,67451.52,22.6,7.55,0.334,C,X,CX,6.581797235023042,25,174,213,9.4,10,0.027,LOW,2021-12-31
SKU0025,BrandA Chips,Snacks,BrandA,Spain,2021,7557,65368.05,20.71,6.91,0.334,C,X,CX,6.566148233486943,23,159,168,8.1,5,0.014,LOW,2021-12-31
SKU0063,BrandC Cheese,Dairy,BrandC,Spain,2021,16708,64690.27,45.72,21.92,0.48,C,X,CX,6.574635176651306,72,373,438,9.6,13,0.036,LOW,2021-12-31
SKU0077,BrandE Softener,Home Care,BrandE,Spain,2021,21861,61834.21,59.85,29.84,0.499,C,X,CX,6.573508704557092,98,491,258,4.3,16,0.044,REORDER NOW,2021-12-31
SKU0096,BrandF Soap,Personal Care,BrandF,Spain,2021,26554,61074.2,72.71,25.48,0.35,C,X,CX,6.333282130056323,82,543,338,4.6,10,0.027,REORDER NOW,2021-12-31
SKU0066,BrandF Cheese,Dairy,BrandF,Spain,2021,9380,60380.46,25.69,11.11,0.432,C,X,CX,6.487717613927291,36,203,302,11.8,8,0.022,LOW,2021-12-31
SKU0083,BrandE Cleaner,Home Care,BrandE,Spain,2021,26082,58945.32,71.42,21.89,0.307,C,X,CX,6.5479326676907315,72,540,350,4.9,8,0.022,REORDER NOW,2021-12-31
SKU0004,BrandD Soda,Beverages,BrandD,Spain,2021,29294,53022.14,80.21,27.63,0.345,C,X,CX,6.386277521761393,89,601,367,4.6,17,0.047,REORDER NOW,2021-12-31
SKU0039,BrandC Biscuits,Snacks,BrandC,Spain,2021,4158,49064.4,11.4,4.19,0.368,C,X,CX,6.517825140809012,14,88,361,31.7,16,0.044,OVERSTOCK,2021-12-31
SKU0006,BrandF Soda,Beverages,BrandF,Spain,2021,39705,47591.25,108.64,48.64,0.448,C,X,CX,6.632232462877624,160,880,394,3.6,12,0.033,REORDER NOW,2021-12-31
SKU0101,BrandE Toothpaste,Personal Care,BrandE,Spain,2021,4967,46943.48,13.62,5.87,0.431,C,X,CX,6.436322324628776,19,107,382,28.0,10,0.027,HEALTHY,2021-12-31
SKU0022,BrandD Energy drink,Beverages,BrandD,Spain,2021,30608,45299.84,83.77,30.53,0.365,C,X,CX,6.615969022017409,101,655,224,2.7,21,0.058,REORDER NOW,2021-12-31
SKU0084,BrandF Cleaner,Home Care,BrandF,Spain,2021,7250,39802.5,19.84,7.22,0.364,C,X,CX,6.562948028673834,24,154,285,14.4,12,0.033,HEALTHY,2021-12-31
SKU0091,BrandA Soap,Personal Care,BrandA,Spain,2021,7311,39616.25,20.05,8.61,0.429,C,X,CX,6.572036610343062,28,160,131,6.5,10,0.027,REORDER NOW,2021-12-31
SKU0019,BrandA Energy drink,Beverages,BrandA,Spain,2021,7524,36979.33,20.6,9.66,0.469,C,X,CX,6.2907514080901175,31,161,239,11.6,8,0.022,LOW,2021-12-31
SKU0056,BrandB Milk,Dairy,BrandB,Spain,2021,7309,34796.64,20.02,9.46,0.473,C,X,CX,6.499967997951869,31,161,313,15.6,11,0.03,HEALTHY,2021-12-31
SKU0051,BrandC Yogurt,Dairy,BrandC,Spain,2021,24087,34685.28,65.94,23.64,0.359,C,X,CX,6.653392217101895,78,517,269,4.1,11,0.03,REORDER NOW,2021-12-31
SKU0040,BrandD Biscuits,Snacks,BrandD,Spain,2021,6034,34239.34,16.53,8.5,0.514,C,Y,CY,6.538312852022529,28,136,352,21.3,16,0.044,HEALTHY,2021-12-31
SKU0015,BrandC Water,Beverages,BrandC,Spain,2021,3571,33174.59,9.76,3.6,0.368,C,X,CX,6.2602790578597025,12,73,417,42.7,19,0.052,OVERSTOCK,2021-12-31
SKU0085,BrandA Shampoo,Personal Care,BrandA,Spain,2021,21995,32381.0,60.21,27.47,0.456,C,X,CX,6.365252176139273,89,472,205,3.4,13,0.036,REORDER NOW,2021-12-31
SKU0067,BrandA Detergent,Home Care,BrandA,Spain,2021,11364,30455.52,31.15,10.78,0.346,C,X,CX,6.41808115719406,35,235,430,13.8,6,0.016,HEALTHY,2021-12-31
SKU0037,BrandA Biscuits,Snacks,BrandA,Spain,2021,26161,28253.88,71.66,22.95,0.32,C,X,CX,6.540834613415259,75,544,312,4.4,4,0.011,REORDER NOW,2021-12-31
SKU0008,BrandB Juice,Beverages,BrandB,Spain,2021,7934,28165.7,21.72,7.63,0.351,C,X,CX,6.305440348182284,25,162,196,9.0,10,0.027,LOW,2021-12-31
SKU0062,BrandB Cheese,Dairy,BrandB,Spain,2021,5107,27833.15,14.0,4.72,0.337,C,X,CX,6.5817140296979,15,107,252,18.0,11,0.03,HEALTHY,2021-12-31
SKU0086,BrandB Shampoo,Personal Care,BrandB,Spain,2021,2772,27110.35,7.59,3.76,0.496,C,X,CX,6.527112135176651,12,62,241,31.8,13,0.036,HEALTHY,2021-12-31
SKU0003,BrandC Soda,Beverages,BrandC,Spain,2021,7088,22539.84,19.39,6.51,0.336,C,X,CX,6.384914234511008,21,145,333,17.2,10,0.027,HEALTHY,2021-12-31
SKU0065,BrandE Cheese,Dairy,BrandE,Spain,2021,19485,19959.96,53.37,25.3,0.474,C,X,CX,6.555177931387608,83,433,321,6.0,12,0.033,REORDER NOW,2021-12-31
SKU0029,BrandE Chips,Snacks,BrandE,Spain,2021,9124,19215.27,25.01,11.51,0.46,C,X,CX,6.655037122375831,38,204,264,10.6,11,0.03,LOW,2021-12-31
SKU0030,BrandF Chips,Snacks,BrandF,Spain,2021,11355,18508.65,31.11,11.16,0.359,C,X,CX,6.475070404505889,36,237,259,8.3,12,0.033,LOW,2021-12-31
SKU0075,BrandC Softener,Home Care,BrandC,Spain,2021,9830,16907.6,26.96,8.12,0.301,C,X,CX,6.437231182795699,26,200,372,13.8,4,0.011,HEALTHY,2021-12-31
SKU0055,BrandA Milk,Dairy,BrandA,Spain,2021,3937,16535.4,10.79,4.08,0.378,C,X,CX,6.409171786994367,13,82,318,29.5,15,0.041,HEALTHY,2021-12-31
SKU0073,BrandA Softener,Home Care,BrandA,Spain,2021,2922,14580.78,8.0,2.76,0.345,C,X,CX,6.448412698412699,9,61,207,25.9,11,0.03,HEALTHY,2021-12-31
SKU0050,BrandB Yogurt,Dairy,BrandB,Spain,2021,4905,6670.8,13.45,4.79,0.356,C,X,CX,6.498963133640554,16,103,256,19.0,13,0.036,HEALTHY,2021-12-31
